"participants","items","syntactic_condition","interp","restricted","trial_time","cc","experiment_feedback","legal_background","politics","correct_answer","accuracy"
"R_7rrfPeAboIjnHXo",3,"baseline","Any “clinic” including a wellness spa","Broad",21.058,"Gun","","No legal education or work experience","Progressive (most liberal)","Gun",1
"R_7kxUUSppsBfCFyx",8,"simple","Utility “tanks” like fuel storage or septic systems","Restricted",24.768,"A pet store","","No legal education or work experience","Progressive (most liberal)","An aquarium",0
"R_7fDbFgfa699DYKK",6,"baseline","“Waste” that could attract animals like food or drinks","Restricted",31.565,"At the campground","","No legal education or work experience","Lean Conservative","At the campground",1
"R_7R877lP0Fwqo51c",1,"phrasal","“Educational benefits” like stipends and salaries that go into the student’s pocket","Restricted",25.792,"Housing subsidy","","No legal education or work experience","Lean Liberal","Housing subsidy",1
"R_5drLLbD7qGGwTdI",3,"simple","Any “clinic” including a wellness spa","Broad",31.96,"Gun","","No legal education or work experience","Moderate/Centrist","Gun",1
"R_7qDuKiktiGoJ1RL",9,"phrasal","Any “sign” including a happy birthday banner","Broad",37.306,"HR","","No legal education or work experience","Conservative/Republican","IT",0
"R_1M3QMz3kVCwN2vK",4,"phrasal","Any “relinquishment” including a temporary lease","Broad",44.458,"Power plant","","No legal education or work experience","Liberal/Democrat","Power plant",1
"R_7qguFAh5Pyv8KFU",2,"simple","Direct, intentional “harms” that are like hunting and shooting","Restricted",28.535,"Orca","","Legal work experience but no law degree","Moderate/Centrist","Orca",1
"R_5uhIGnuzkLxvfvH",5,"simple","A highly secure “closed and fastened case” that is like a gunbox or a securely tied package","Restricted",32.946,"In her purse","","No legal education or work experience","Progressive (most liberal)","In her purse",1
"R_3w8lcmq98PwSMil",5,"phrasal","A highly secure “closed and fastened case” that is like a gunbox or a securely tied package","Restricted",44.221,"In her purse","","No legal education or work experience","Conservative/Republican","In her purse",1
"R_3j7bmgRw5qTHQzZ",11,"simple","Any “electronic devices” including a small battery-power fan","Broad",25.081,"Nicholas","","No legal education or work experience","Lean Conservative","Nicholas",1
"R_1q4xPxiuMYFh8Rx",3,"phrasal","Medical “clinics” that are like hospitals or urgent care centers","Restricted",29.661,"Gun","","Some law-related coursework","Liberal/Democrat","Gun",1
"R_6NYURjfUJ4BqtEZ",10,"simple","Any “machine” including a small sewing machine","Broad",40.702,"Sewing machine","","No legal education or work experience","Right-wing (most conservative)","Sewing machine",1
"R_3y9seJ8SmS9WP2x",4,"simple","Any “relinquishment” including a temporary lease","Broad",35.081,"Power plant","","No legal education or work experience","Lean Liberal","Power plant",1
"R_5gBLCZM0Oxku0R8",11,"baseline","Any “electronic devices” including a small battery-power fan","Broad",13.146,"Nicholas","","No legal education or work experience","Right-wing (most conservative)","Nicholas",1
"R_5j9Wa4K1z6SD3EX",10,"simple","Loud “machines” like washers or dryers","Restricted",43.375,"Sewing machine","None ","Some law-related coursework","Conservative/Republican","Sewing machine",1
"R_3Tuz2n3ZrbIk4Y9",9,"baseline","Any “sign” including a happy birthday banner","Broad",29.583,"IT","none","No legal education or work experience","Liberal/Democrat","IT",1
"R_5Q6eiD92wo2etz9",6,"simple","Any “waste” including used gift-wrapping paper","Broad",36.346,"At the campground","","No legal education or work experience","Lean Liberal","At the campground",1
"R_1p1R9DD5cH2va93",11,"baseline","Digital “electronic devices” like phones or tablets","Restricted",20.079,"Nicholas","","No legal education or work experience","Liberal/Democrat","Nicholas",1
"R_5E0cjCQFImkGtLx",12,"simple","Any “vehicle” including a bicycle","Broad",45.25,"Bicycle","","Some law-related coursework","Lean Conservative","Bicycle",1
"R_7js6PwyC3ztAg0S",11,"phrasal","Any “electronic devices” including a small battery-power fan","Broad",28.499,"Nicholas","according to what was stated in the rule ill say its not allowed. but the meaning behind it was distractions and if he needed the fan to stay cool that it should be allowed. the question was very vague so feel free to change my response accordingly.","No legal education or work experience","Moderate/Centrist","Nicholas",1
"R_7ilDpO7is1snQNG",2,"phrasal","Any “harm” including a skin rash resulting from neglect","Broad",22.02,"Orca","Great study enjoyed taking it everything went perfect  :)","No legal education or work experience","Conservative/Republican","Orca",1
"R_5PCekW0b0aZrIM6",7,"simple","Architectural “detailed representations” like blueprints and technical drawings","Restricted",21.535,"Joshua","Thank you for this opportunity!","No legal education or work experience","Moderate/Centrist","Joshua",1
"R_5PKQclkyddzr7uS",2,"baseline","Any “harm” including a skin rash resulting from neglect","Broad",33.265,"Orca","None, thank you.","No legal education or work experience","Conservative/Republican","Orca",1
"R_7o1QEsFFv8QHkcd",8,"phrasal","Utility “tanks” like fuel storage or septic systems","Restricted",32.955,"An aquarium","None","No legal education or work experience","Moderate/Centrist","An aquarium",1
"R_5Ft8qukGMyBxagY",7,"baseline","Any “detailed representations” including an intricate painting","Broad",58.387,"Joshua","N/A","Some law-related coursework","Progressive (most liberal)","Joshua",1
"R_1jHdOfGFY5bzJtX",1,"simple","Any “educational benefit” including a housing subsidy paid to the student’s landlord","Broad",50.157,"Housing subsidy","None","No legal education or work experience","Lean Liberal","Housing subsidy",1
"R_53wvNVa8DqRDf7r",6,"phrasal","Any “waste” including used gift-wrapping paper","Broad",121.672,"At the campground","","Legal work experience but no law degree","Right-wing (most conservative)","At the campground",1
"R_5oToi9SimiXU8qs",7,"phrasal","Architectural “detailed representations” like blueprints and technical drawings","Restricted",104.462,"Joshua","","No legal education or work experience","Liberal/Democrat","Joshua",1
"R_5YmHj57PgOOxBbb",1,"baseline","Any “educational benefit” including a housing subsidy paid to the student’s landlord","Broad",52.951,"Housing subsidy","I think it's unconscienble and hyprocritical that a student would have to pay taxes on and educational benefit. This is an item that should be tax exempt. Why can the rich write off yachts, jets, and luxurious expenses but a student must pay taxes on educational benefits just shows you how rigged our system is.","No legal education or work experience","Progressive (most liberal)","Housing subsidy",1
"R_3JxGal2NGik15Gk",12,"phrasal","“Vehicles” with engines like cars or trucks","Restricted",48.972,"Bicycle","Since cars and trucks were mentioned, I believe that the law applies to motorized vehicles. However, I recognize that the law doesn't explicitly say that, so I can understand how someone could interpret it differently.","No legal education or work experience","Liberal/Democrat","Bicycle",1
"R_3TL5UFnGvCwL0dP",12,"baseline","“Vehicles” with engines like cars or trucks","Restricted",57.396,"Bicycle","This was a interesting experience ","No legal education or work experience","Liberal/Democrat","Bicycle",1
"R_7wRlidsvE3FD0y4",10,"baseline","Any “machine” including a small sewing machine","Broad",77.063,"Sewing machine","","No legal education or work experience","Moderate/Centrist","Sewing machine",1
"R_3H8Oai5uvBUy2Bj",9,"simple","Any “sign” including a happy birthday banner","Broad",27.618,"IT","","No legal education or work experience","Lean Liberal","IT",1
"R_3XgqBSqx47m2t95",8,"baseline","Any “tank” including a fish tank","Broad",67.523,"An aquarium","","No legal education or work experience","Moderate/Centrist","An aquarium",1
"R_6FJxXZ12wLSdt1E",10,"phrasal","Any “machine” including a small sewing machine","Broad",16.729,"Sewing machine","","No legal education or work experience","Liberal/Democrat","Sewing machine",1
"R_5vjZJ7aZupC5ML2",5,"baseline","Any kind of “closed and fastened case” including a purse","Broad",33.316,"In her purse","","No legal education or work experience","Conservative/Republican","In her purse",1
"R_1cSoClMdLvhQErW",4,"baseline","Permanent “relinquishment” which is like abandoning or demolishing","Restricted",29.139,"Power plant","all went well no glitches","No legal education or work experience","Right-wing (most conservative)","Power plant",1
"R_1rNR2nGSUd4Sif7",6,"phrasal","“Waste” that could attract animals like food or drinks","Restricted",66.613,"At the campground","","No legal education or work experience","Lean Liberal","At the campground",1
"R_1LwdBi07Yi9UoDN",11,"simple","Digital “electronic devices” like phones or tablets","Restricted",18.845,"Nicholas","","No legal education or work experience","Lean Liberal","Nicholas",1
"R_5e2nOBFhxKGI1Yl",9,"simple","Promotional “signs” like advertisements or flyers","Restricted",32.689,"IT","","No legal education or work experience","Liberal/Democrat","IT",1
"R_1MxQySwjqaQIkG7",4,"baseline","Permanent “relinquishment” which is like abandoning or demolishing","Restricted",26.733,"Power plant","","No legal education or work experience","Liberal/Democrat","Power plant",1
"R_3rqqnM7RK8MD9cd",3,"simple","Any “clinic” including a wellness spa","Broad",34.609,"Gun","","No legal education or work experience","Moderate/Centrist","Gun",1
"R_3eQdIEDls7c89jZ",5,"simple","A highly secure “closed and fastened case” that is like a gunbox or a securely tied package","Restricted",43.523,"In her purse","Interesting little study. Thank you for letting me participate!","No legal education or work experience","Moderate/Centrist","In her purse",1
"R_1dK3DG4Gs80cqfL",7,"baseline","Any “detailed representations” including an intricate painting","Broad",22.008,"Joe","","No legal education or work experience","Lean Conservative","Joshua",0
"R_6YAnduzmY4gQqWy",5,"baseline","A highly secure “closed and fastened case” that is like a gunbox or a securely tied package","Restricted",41.471,"In her purse","","No legal education or work experience","Moderate/Centrist","In her purse",1
"R_1fBwzTl8yUkiFQP",2,"phrasal","Any “harm” including a skin rash resulting from neglect","Broad",22.685,"Orca","","No legal education or work experience","Conservative/Republican","Orca",1
"R_7oGRdW5JR4w5xg2",6,"baseline","Any “waste” including used gift-wrapping paper","Broad",40.007,"At the campground","","No legal education or work experience","Conservative/Republican","At the campground",1
"R_6dRFyo5ixQOH4Po",6,"simple","“Waste” that could attract animals like food or drinks","Restricted",28.645,"At the campground","n/a","No legal education or work experience","Liberal/Democrat","At the campground",1
"R_1CVvlwZx6c5YxZi",3,"baseline","Any “clinic” including a wellness spa","Broad",11.744,"Gun","","No legal education or work experience","Liberal/Democrat","Gun",1
"R_1NLejRzIdaWz6nP",1,"phrasal","Any “educational benefit” including a housing subsidy paid to the student’s landlord","Broad",69.391,"Housing subsidy","","No legal education or work experience","Liberal/Democrat","Housing subsidy",1
"R_1vVhFAnvlb1RDpL",10,"phrasal","Any “machine” including a small sewing machine","Broad",24.274,"Sewing machine","n/a","No legal education or work experience","Right-wing (most conservative)","Sewing machine",1
"R_7M6CahZtF3dv1R9",2,"baseline","Any “harm” including a skin rash resulting from neglect","Broad",18.843,"Orca","","No legal education or work experience","Progressive (most liberal)","Orca",1
"R_5FjkCcpNISOPyIF",2,"simple","Any “harm” including a skin rash resulting from neglect","Broad",29.415,"Orca","This may be an oversimplification, but harm that caused by neglect is still harm. I would, however, place different penalties for harm that was due to neglect versus direct, willful harm. ","No legal education or work experience","Progressive (most liberal)","Orca",1
"R_5PzvLOUcThAZmIY",9,"phrasal","Any “sign” including a happy birthday banner","Broad",16.804,"IT","Easy survey","Some law-related coursework","Liberal/Democrat","IT",1
"R_5dlTnqTQC5rFyjT",1,"baseline","Any “educational benefit” including a housing subsidy paid to the student’s landlord","Broad",24.173,"Housing subsidy","","No legal education or work experience","Liberal/Democrat","Housing subsidy",1
"R_3f8rAHYO7lKm6Gd",7,"simple","Any “detailed representations” including an intricate painting","Broad",71.202,"Joshua","","No legal education or work experience","Conservative/Republican","Joshua",1
"R_5ixmHUTG9K2jeOO",7,"phrasal","Any “detailed representations” including an intricate painting","Broad",111.182,"Joshua","A very interesting study! Thank you for the opportunity me to participate in your research :)","No legal education or work experience","Liberal/Democrat","Joshua",1
"R_1LbWtHSMXylcGsG",8,"phrasal","Utility “tanks” like fuel storage or septic systems","Restricted",24.139,"An aquarium","","Some law-related coursework","Lean Conservative","An aquarium",1
"R_1HLAKv4LwmmIHSn",9,"baseline","Any “sign” including a happy birthday banner","Broad",18.837,"IT","","No legal education or work experience","Moderate/Centrist","IT",1
"R_7OCWOSjA0oWc6Sq",10,"baseline","Any “machine” including a small sewing machine","Broad",28.611,"Sewing machine","none","No legal education or work experience","Conservative/Republican","Sewing machine",1
"R_3axHJLbrvXGHVSs",12,"baseline","“Vehicles” with engines like cars or trucks","Restricted",33.342,"Bicycle","","No legal education or work experience","Progressive (most liberal)","Bicycle",1
"R_1nqGcluVNXvR1Cy",12,"simple","“Vehicles” with engines like cars or trucks","Restricted",12.476,"Bicycle","","Some law-related coursework","Lean Conservative","Bicycle",1
"R_5cNFkbw0xfpuE49",5,"phrasal","A highly secure “closed and fastened case” that is like a gunbox or a securely tied package","Restricted",17.65,"In its original packaging","","No legal education or work experience","Progressive (most liberal)","In her purse",0
"R_5PtBIRuMxjiVWmP",11,"phrasal","Digital “electronic devices” like phones or tablets","Restricted",12.468,"Nicholas","","No legal education or work experience","Liberal/Democrat","Nicholas",1
"R_5lVxRRffAozZunE",4,"phrasal","Any “relinquishment” including a temporary lease","Broad",24.964,"Power plant","","No legal education or work experience","Lean Conservative","Power plant",1
"R_5wuJGwMXKsAcwvA",3,"phrasal","Medical “clinics” that are like hospitals or urgent care centers","Restricted",18.361,"Gun","","No legal education or work experience","Liberal/Democrat","Gun",1
"R_6AIHTHfU4nyFaet",4,"simple","Any “relinquishment” including a temporary lease","Broad",20.322,"Power plant","","Licensed attorney","Progressive (most liberal)","Power plant",1
"R_3cYsz5N98LmzWRX",4,"phrasal","Any “relinquishment” including a temporary lease","Broad",33.689,"Power plant","","No legal education or work experience","Liberal/Democrat","Power plant",1
"R_71IMelwhfCfecTv",8,"baseline","Utility “tanks” like fuel storage or septic systems","Restricted",22.857,"An aquarium","","No legal education or work experience","Lean Conservative","An aquarium",1
"R_5SyfDSZZRRTGJfb",3,"phrasal","Any “clinic” including a wellness spa","Broad",20.196,"Gun","","No legal education or work experience","Liberal/Democrat","Gun",1
"R_5Oqsxj6V3puEW7Z",12,"phrasal","Any “vehicle” including a bicycle","Broad",34.621,"Bicycle","Enjoyable","No legal education or work experience","Progressive (most liberal)","Bicycle",1
"R_3LtVInwfbG9TBqW",3,"baseline","Medical “clinics” that are like hospitals or urgent care centers","Restricted",15.158,"Gun","","No legal education or work experience","Moderate/Centrist","Gun",1
"R_5na14KDUtKNaZe9",5,"simple","Any kind of “closed and fastened case” including a purse","Broad",16.961,"In her purse","","No legal education or work experience","Moderate/Centrist","In her purse",1
"R_8y3mmbmOOWvefYY",4,"simple","Permanent “relinquishment” which is like abandoning or demolishing","Restricted",35.211,"Power plant","","No legal education or work experience","Right-wing (most conservative)","Power plant",1
"R_5g7dugBmEmtRLWk",10,"baseline","Any “machine” including a small sewing machine","Broad",12.642,"Sewing machine","","No legal education or work experience","Liberal/Democrat","Sewing machine",1
"R_7NqExqXiTRyA3D3",1,"baseline","Any “educational benefit” including a housing subsidy paid to the student’s landlord","Broad",23.279,"Housing subsidy","","Some law-related coursework","Progressive (most liberal)","Housing subsidy",1
"R_7dy7aQFw2q3fwF7",6,"simple","“Waste” that could attract animals like food or drinks","Restricted",18.028,"At the campground","","No legal education or work experience","Right-wing (most conservative)","At the campground",1
"R_5zkdwUif2eL6nep",9,"baseline","Any “sign” including a happy birthday banner","Broad",17.348,"IT","","No legal education or work experience","Liberal/Democrat","IT",1
"R_5k53rBH05PGdYrf",5,"baseline","A highly secure “closed and fastened case” that is like a gunbox or a securely tied package","Restricted",28.863,"In her purse","","No legal education or work experience","Conservative/Republican","In her purse",1
"R_3qDfBIPIZMWnskL",8,"baseline","Any “tank” including a fish tank","Broad",31.463,"An aquarium","","Legal work experience but no law degree","Liberal/Democrat","An aquarium",1
"R_5ZV9eJE9wFLyHId",10,"simple","Loud “machines” like washers or dryers","Restricted",26.179,"Sewing machine","","No legal education or work experience","Progressive (most liberal)","Sewing machine",1
"R_1MFi8SYENp4cvop",12,"phrasal","“Vehicles” with engines like cars or trucks","Restricted",28.436,"Bicycle","","No legal education or work experience","Right-wing (most conservative)","Bicycle",1
"R_54jTh36owwe6z4V",2,"simple","Direct, intentional “harms” that are like hunting and shooting","Restricted",32.847,"Orca","This was an interesting experiment.","No legal education or work experience","Moderate/Centrist","Orca",1
"R_6CZXww44c7HS3pY",9,"simple","Any “sign” including a happy birthday banner","Broad",22.537,"HR","","No legal education or work experience","Conservative/Republican","IT",0
"R_6g5ZjfGt2896sT9",4,"baseline","Any “relinquishment” including a temporary lease","Broad",19.067,"Power plant","","No legal education or work experience","Progressive (most liberal)","Power plant",1
"R_6GwcPdsRLEhu7Eg",6,"phrasal","“Waste” that could attract animals like food or drinks","Restricted",29.049,"At the campground","","No legal education or work experience","Progressive (most liberal)","At the campground",1
"R_3rQUymDwsBH2fmh",1,"phrasal","“Educational benefits” like stipends and salaries that go into the student’s pocket","Restricted",36.618,"Housing subsidy","","Some law-related coursework","Liberal/Democrat","Housing subsidy",1
"R_3jg3whBJzAMdXLX",10,"baseline","Any “machine” including a small sewing machine","Broad",15.168,"Sewing machine","","No legal education or work experience","Moderate/Centrist","Sewing machine",1
"R_60tVfStGR8ZB0Nb",8,"phrasal","Any “tank” including a fish tank","Broad",36.596,"An aquarium","None!","No legal education or work experience","Conservative/Republican","An aquarium",1
"R_5IcMlyJqcilimKL",9,"phrasal","Any “sign” including a happy birthday banner","Broad",16.082,"IT","","No legal education or work experience","Lean Conservative","IT",1
"R_8eBrIxY2I6RToqt",1,"simple","Any “educational benefit” including a housing subsidy paid to the student’s landlord","Broad",53.985,"Housing subsidy","","Some law-related coursework","Liberal/Democrat","Housing subsidy",1
"R_5QlVvVadHTsw0Hn",7,"phrasal","Architectural “detailed representations” like blueprints and technical drawings","Restricted",52.504,"Joshua","","No legal education or work experience","Progressive (most liberal)","Joshua",1
"R_3UhlbvjQM1fapg4",10,"phrasal","Loud “machines” like washers or dryers","Restricted",22.879,"Sewing machine","","No legal education or work experience","Liberal/Democrat","Sewing machine",1
"R_6ypIs1fH0YF4GeB",3,"simple","Medical “clinics” that are like hospitals or urgent care centers","Restricted",38.292,"Gun","","No legal education or work experience","Lean Liberal","Gun",1
"R_5ZQDO1upeiZZ5m3",8,"baseline","Utility “tanks” like fuel storage or septic systems","Restricted",19.299,"An aquarium","Anything can be called a tank by that logic. Cars have gas tanks, are they excepted","Legal work experience but no law degree","Progressive (most liberal)","An aquarium",1
"R_7hgZmEpU7S6Qhrj",2,"baseline","Any “harm” including a skin rash resulting from neglect","Broad",20.676,"Orca","","No legal education or work experience","Lean Liberal","Orca",1
"R_5YWGuHx3XUtjZBA",7,"phrasal","Any “detailed representations” including an intricate painting","Broad",20.858,"Joe","","No legal education or work experience","Moderate/Centrist","Joshua",0
"R_7pc5zdRdJPZBLMZ",12,"baseline","Any “vehicle” including a bicycle","Broad",11.969,"Bicycle","","No legal education or work experience","Liberal/Democrat","Bicycle",1
"R_7Lu5YOIKRNRXDoM",12,"baseline","“Vehicles” with engines like cars or trucks","Restricted",18.848,"Bicycle","","No legal education or work experience","Progressive (most liberal)","Bicycle",1
"R_7ToqFYSSVh6FEoo",1,"baseline","Any “educational benefit” including a housing subsidy paid to the student’s landlord","Broad",17.19,"Housing subsidy","","No legal education or work experience","Lean Conservative","Housing subsidy",1
"R_5YQ9ebUXtLA07eE",11,"phrasal","Any “electronic devices” including a small battery-power fan","Broad",27.037,"Nicholas","I think the rules say no electronic devices, in reality though no one would give him a hard time about a fan.","No legal education or work experience","Liberal/Democrat","Nicholas",1
"R_1LeAxTV9HYFOi8P",10,"simple","Loud “machines” like washers or dryers","Restricted",12.271,"Sewing machine","","No legal education or work experience","Liberal/Democrat","Sewing machine",1
"R_5U9a6ZicBRdXq6J",8,"simple","Any “tank” including a fish tank","Broad",39.669,"A pet store","","No legal education or work experience","Lean Conservative","An aquarium",0
"R_69s1ggOWdMFJEky",5,"baseline","Any kind of “closed and fastened case” including a purse","Broad",27.82,"In her purse","","No legal education or work experience","Progressive (most liberal)","In her purse",1
"R_5e8JB4rp0wUtcZd",9,"baseline","Promotional “signs” like advertisements or flyers","Restricted",16.372,"IT","","No legal education or work experience","Liberal/Democrat","IT",1
"R_7veRUmu1YHOzmO5",5,"phrasal","A highly secure “closed and fastened case” that is like a gunbox or a securely tied package","Restricted",49.122,"In her purse","","No legal education or work experience","Progressive (most liberal)","In her purse",1
"R_15fQm1vJU1wl9Ad",5,"phrasal","Any kind of “closed and fastened case” including a purse","Broad",28.879,"In her purse","none at this time","Some law-related coursework","Liberal/Democrat","In her purse",1
"R_7Hi6rMc4jjTX6eP",6,"phrasal","Any “waste” including used gift-wrapping paper","Broad",31.299,"At the campground","","No legal education or work experience","Conservative/Republican","At the campground",1
"R_5En04C7rtCk5KFH",1,"phrasal","Any “educational benefit” including a housing subsidy paid to the student’s landlord","Broad",39.971,"Housing subsidy","","No legal education or work experience","Lean Conservative","Housing subsidy",1
"R_5GuJZxUyf1wNTVv",5,"phrasal","Any kind of “closed and fastened case” including a purse","Broad",42.037,"In her purse","N/A","No legal education or work experience","Lean Conservative","In her purse",1
"R_6K7NlIL4xyMUD1G",3,"baseline","Any “clinic” including a wellness spa","Broad",19.615,"Gun","","No legal education or work experience","Liberal/Democrat","Gun",1
"R_7lSu521vWT8JtCy",11,"baseline","Any “electronic devices” including a small battery-power fan","Broad",43.242,"Nicholas","","No legal education or work experience","Liberal/Democrat","Nicholas",1
"R_5KQFwkvqtuMqUFz",9,"simple","Any “sign” including a happy birthday banner","Broad",30.347,"IT","","No legal education or work experience","Moderate/Centrist","IT",1
"R_7ZX0hjt2iVnkK41",8,"simple","Any “tank” including a fish tank","Broad",29.023,"An aquarium","everything was clear, thank you","No legal education or work experience","Moderate/Centrist","An aquarium",1
"R_7I4Ykn6Zjkac6IF",3,"simple","Medical “clinics” that are like hospitals or urgent care centers","Restricted",26.803,"Gun","","Some law-related coursework","Liberal/Democrat","Gun",1
"R_1s4EGQL5xTnPHOD",6,"baseline","Any “waste” including used gift-wrapping paper","Broad",29.91,"At the campground","","No legal education or work experience","Moderate/Centrist","At the campground",1
"R_3OPKZ2q1oBysVhy",6,"baseline","Any “waste” including used gift-wrapping paper","Broad",28.085,"At the campground","","No legal education or work experience","Liberal/Democrat","At the campground",1
"R_6gi0ahmkIZgGQRi",11,"simple","Any “electronic devices” including a small battery-power fan","Broad",28.441,"Nicholas","","No legal education or work experience","Moderate/Centrist","Nicholas",1
"R_1gEXQ6BvMfQgOuR",2,"simple","Any “harm” including a skin rash resulting from neglect","Broad",19.838,"Orca","","Other (please specify)","Conservative/Republican","Orca",1
"R_55L5CPmsSqqjVOd",11,"simple","Digital “electronic devices” like phones or tablets","Restricted",25.87,"Nicholas","","No legal education or work experience","Lean Conservative","Nicholas",1
"R_6eaxQtupgK3XMbv",7,"simple","Architectural “detailed representations” like blueprints and technical drawings","Restricted",37.782,"Joshua","Thank you!","No legal education or work experience","Lean Conservative","Joshua",1
"R_1uPvSjvq9RmDaw8",11,"baseline","Digital “electronic devices” like phones or tablets","Restricted",12.938,"Nicholas","","Legal work experience but no law degree","Liberal/Democrat","Nicholas",1
"R_5myMFW3YfORRtI8",4,"baseline","Any “relinquishment” including a temporary lease","Broad",33.998,"Power plant","None","No legal education or work experience","Liberal/Democrat","Power plant",1
"R_5JeCwT0OIrn74E9",3,"phrasal","Any “clinic” including a wellness spa","Broad",28.364,"Gun","","No legal education or work experience","Progressive (most liberal)","Gun",1
"R_1IjvNyz5kl7CF3z",3,"simple","Medical “clinics” that are like hospitals or urgent care centers","Restricted",22.931,"Gun","","No legal education or work experience","Progressive (most liberal)","Gun",1
"R_5DpZ3cveUsEtIzz",10,"simple","Loud “machines” like washers or dryers","Restricted",23.654,"Sewing machine","","Licensed attorney","Conservative/Republican","Sewing machine",1
"R_5Og4VY8BIrGYMoN",11,"baseline","Digital “electronic devices” like phones or tablets","Restricted",19.729,"Nicholas","","Legal work experience but no law degree","Liberal/Democrat","Nicholas",1
"R_7LIj0Zodxyi5hkI",8,"phrasal","Utility “tanks” like fuel storage or septic systems","Restricted",27.999,"An aquarium","","No legal education or work experience","Lean Liberal","An aquarium",1
"R_1kfdR7iLYbnK41P",1,"simple","Any “educational benefit” including a housing subsidy paid to the student’s landlord","Broad",41.693,"Housing subsidy","","No legal education or work experience","Lean Conservative","Housing subsidy",1
"R_5U8VG1pB5nSzMyV",6,"baseline","Any “waste” including used gift-wrapping paper","Broad",21.505,"At the campground","","No legal education or work experience","Progressive (most liberal)","At the campground",1
"R_3LNgIzQDCewsarh",12,"baseline","Any “vehicle” including a bicycle","Broad",19.281,"Bicycle","","No legal education or work experience","Progressive (most liberal)","Bicycle",1
"R_7ctoDjAlFP91Anx",4,"simple","Any “relinquishment” including a temporary lease","Broad",30.352,"Power plant","","No legal education or work experience","Liberal/Democrat","Power plant",1
"R_12yXRvEh1d8kRdx",7,"baseline","Architectural “detailed representations” like blueprints and technical drawings","Restricted",77.518,"George","Sorry I forgot the name of the artist, I was thinking about the concept.","No legal education or work experience","Lean Conservative","Joshua",0
"R_74CsjQsKwZVPFny",12,"phrasal","“Vehicles” with engines like cars or trucks","Restricted",21.033,"Bicycle","","No legal education or work experience","Lean Conservative","Bicycle",1
"R_7ONk9AlEszkmKa9",10,"baseline","Any “machine” including a small sewing machine","Broad",21.09,"Sewing machine","nothing to add","No legal education or work experience","Liberal/Democrat","Sewing machine",1
"R_7lSauQw2J0XrboU",9,"baseline","Any “sign” including a happy birthday banner","Broad",18.299,"IT","","No legal education or work experience","Liberal/Democrat","IT",1
"R_5AXQkFw94Myim0e",5,"simple","A highly secure “closed and fastened case” that is like a gunbox or a securely tied package","Restricted",2.212,"In its original packaging","","Legal work experience but no law degree","Progressive (most liberal)","In her purse",0
"R_5aGzqL77TrJp12V",2,"baseline","Any “harm” including a skin rash resulting from neglect","Broad",22.864,"Orca","","Some law-related coursework","Liberal/Democrat","Orca",1
"R_3OPbNbepSb0f7bk",10,"phrasal","Loud “machines” like washers or dryers","Restricted",20.517,"Sewing machine","","Current law student","Liberal/Democrat","Sewing machine",1
"R_7Qgk8aodAjlSyLT",7,"simple","Architectural “detailed representations” like blueprints and technical drawings","Restricted",26.011,"Joshua","nothing to share today","Other (please specify)","Right-wing (most conservative)","Joshua",1
"R_1Dqm1drfY0DjQ4b",7,"baseline","Any “detailed representations” including an intricate painting","Broad",42.307,"Joshua","","No legal education or work experience","Conservative/Republican","Joshua",1
"R_5lqdEG3A5cudVLz",8,"phrasal","Utility “tanks” like fuel storage or septic systems","Restricted",23.692,"An aquarium","Thank you!","Some law-related coursework","Liberal/Democrat","An aquarium",1
"R_6N7oAJycJe0GGEp",5,"simple","A highly secure “closed and fastened case” that is like a gunbox or a securely tied package","Restricted",50.945,"In her purse","","No legal education or work experience","Liberal/Democrat","In her purse",1
"R_6nYIWvi7xnyrrFt",6,"phrasal","Any “waste” including used gift-wrapping paper","Broad",32.404,"At the campground","","No legal education or work experience","Lean Liberal","At the campground",1
"R_6N8LObkFjGJUcoj",3,"phrasal","Medical “clinics” that are like hospitals or urgent care centers","Restricted",31.037,"Gun","nothing to add","No legal education or work experience","Liberal/Democrat","Gun",1
"R_3JPEVLici5BS1a2",3,"phrasal","Medical “clinics” that are like hospitals or urgent care centers","Restricted",22.352,"Gun","","No legal education or work experience","Lean Conservative","Gun",1
"R_1xnhkyfsRVEeCIN",6,"simple","“Waste” that could attract animals like food or drinks","Restricted",28.261,"At the campground","","No legal education or work experience","Progressive (most liberal)","At the campground",1
"R_5bZuvMy1VzugBvI",11,"baseline","Digital “electronic devices” like phones or tablets","Restricted",50.771,"Nicholas","","No legal education or work experience","Progressive (most liberal)","Nicholas",1
"R_5COExDNlfjz06lv",6,"baseline","“Waste” that could attract animals like food or drinks","Restricted",24.202,"At the campground","","No legal education or work experience","Moderate/Centrist","At the campground",1
"R_5LFMoF3ATFPO1UK",2,"phrasal","Direct, intentional “harms” that are like hunting and shooting","Restricted",59.725,"Orca","","No legal education or work experience","Lean Conservative","Orca",1
"R_5KyIU119NL35S7L",11,"phrasal","Digital “electronic devices” like phones or tablets","Restricted",31.797,"Nicholas","The difference was between electric and electronic. ","No legal education or work experience","Lean Conservative","Nicholas",1
"R_1aQfMmWBA43P8Wd",9,"baseline","Any “sign” including a happy birthday banner","Broad",23.761,"IT","","Some law-related coursework","Liberal/Democrat","IT",1
"R_5kTKi9blLwkkvhD",3,"phrasal","Any “clinic” including a wellness spa","Broad",32.692,"Gun","","No legal education or work experience","Progressive (most liberal)","Gun",1
"R_6b1M5vwUZMjTXSx",12,"phrasal","“Vehicles” with engines like cars or trucks","Restricted",39.048,"Bicycle","","No legal education or work experience","Moderate/Centrist","Bicycle",1
"R_5TvnUZHWsZDyOLw",10,"simple","Any “machine” including a small sewing machine","Broad",22.702,"Sewing machine","","No legal education or work experience","Lean Liberal","Sewing machine",1
"R_1fpWlWCkLipXyN3",3,"baseline","Any “clinic” including a wellness spa","Broad",28.126,"Gun","","No legal education or work experience","Moderate/Centrist","Gun",1
"R_68VcuFBDlDjCaI8",4,"phrasal","Any “relinquishment” including a temporary lease","Broad",43.983,"Power plant","","No legal education or work experience","Moderate/Centrist","Power plant",1
"R_7zo5HqjXm6szuoR",1,"phrasal","Any “educational benefit” including a housing subsidy paid to the student’s landlord","Broad",57.493,"Housing subsidy","I do not have any comments.","No legal education or work experience","Moderate/Centrist","Housing subsidy",1
"R_69cshSdPuV3Q84n",5,"baseline","A highly secure “closed and fastened case” that is like a gunbox or a securely tied package","Restricted",25.952,"In her purse","","No legal education or work experience","Liberal/Democrat","In her purse",1
"R_50PrF7raLhie3bt",9,"phrasal","Any “sign” including a happy birthday banner","Broad",30.1,"IT","Overall the policy in question states any sign. Even though there was no financial benefit of the sign it still violates policy","No legal education or work experience","Conservative/Republican","IT",1
"R_5rxq7vZrILJEXFW",8,"baseline","Any “tank” including a fish tank","Broad",40.68,"An aquarium","n/a","No legal education or work experience","Progressive (most liberal)","An aquarium",1
"R_6qO1ibVvseFxxgs",12,"simple","“Vehicles” with engines like cars or trucks","Restricted",63.92,"Bicycle","no","No legal education or work experience","Liberal/Democrat","Bicycle",1
"R_3QRoRLi7PFM1HiA",1,"baseline","Any “educational benefit” including a housing subsidy paid to the student’s landlord","Broad",32.294,"Housing subsidy","","No legal education or work experience","Liberal/Democrat","Housing subsidy",1
"R_3Br4NNh3kS18uXQ",12,"simple","Any “vehicle” including a bicycle","Broad",40.086,"Bicycle","","No legal education or work experience","Liberal/Democrat","Bicycle",1
"R_5aFcWGyXeCziosI",5,"baseline","Any kind of “closed and fastened case” including a purse","Broad",40.606,"In her purse","","No legal education or work experience","Moderate/Centrist","In her purse",1
"R_50CTDVVvvODoRHZ",11,"phrasal","Any “electronic devices” including a small battery-power fan","Broad",30.321,"Nicholas","","Legal work experience but no law degree","Progressive (most liberal)","Nicholas",1
"R_51aAl3P5Iq5ftvC",10,"baseline","Any “machine” including a small sewing machine","Broad",26.875,"Sewing machine","","No legal education or work experience","Moderate/Centrist","Sewing machine",1
"R_1wMay6ZwZbZeG77",8,"simple","Utility “tanks” like fuel storage or septic systems","Restricted",48.053,"An aquarium","","No legal education or work experience","Progressive (most liberal)","An aquarium",1
"R_6M0PjbjpaE3WXtb",3,"simple","Medical “clinics” that are like hospitals or urgent care centers","Restricted",21.94,"Gun","Thanks for doing studies like this I use the money to help feed my cat and myself while times are tough and it really does help. Best of luck with your work!","No legal education or work experience","Progressive (most liberal)","Gun",1
"R_65ucGc1GB0j2Zsw",7,"phrasal","Any “detailed representations” including an intricate painting","Broad",40.574,"Joshua","","No legal education or work experience","Progressive (most liberal)","Joshua",1
"R_6pWePtilVfcZkZb",6,"simple","Any “waste” including used gift-wrapping paper","Broad",21.11,"At the campground","","No legal education or work experience","Lean Conservative","At the campground",1
"R_59oIBLcThbzCSac",1,"simple","Any “educational benefit” including a housing subsidy paid to the student’s landlord","Broad",54.506,"Housing subsidy","","Some law-related coursework","Progressive (most liberal)","Housing subsidy",1
"R_5YDHqBJgGY9082g",10,"phrasal","Any “machine” including a small sewing machine","Broad",63.89,"Sewing machine","None.  Thank you.","No legal education or work experience","Progressive (most liberal)","Sewing machine",1
"R_78NbUNg32qA2wOI",7,"baseline","Any “detailed representations” including an intricate painting","Broad",43.42,"Joe","","No legal education or work experience","Lean Liberal","Joshua",0
"R_6CftQwWrWA6vXpo",2,"baseline","Any “harm” including a skin rash resulting from neglect","Broad",44.881,"Orca","","No legal education or work experience","Liberal/Democrat","Orca",1
"R_1eOqppvjrXlpD9z",9,"phrasal","Any “sign” including a happy birthday banner","Broad",20.826,"IT","","No legal education or work experience","Moderate/Centrist","IT",1
"R_1LIPY4VmqebuU4u",12,"phrasal","“Vehicles” with engines like cars or trucks","Restricted",37.586,"Bicycle","","No legal education or work experience","Moderate/Centrist","Bicycle",1
"R_1xavkOTzWWdpK8N",4,"simple","Any “relinquishment” including a temporary lease","Broad",61.997,"Power plant","","No legal education or work experience","Moderate/Centrist","Power plant",1
"R_6rU5aaAnUoHtzSP",1,"simple","Any “educational benefit” including a housing subsidy paid to the student’s landlord","Broad",47.004,"Housing subsidy","","No legal education or work experience","Progressive (most liberal)","Housing subsidy",1
"R_1K5BqgAdqkaVRD3",7,"simple","Any “detailed representations” including an intricate painting","Broad",28.835,"Joshua","","No legal education or work experience","Lean Liberal","Joshua",1
"R_52xTyNMUOdhbdZl",4,"baseline","Any “relinquishment” including a temporary lease","Broad",21.066,"Power plant","","No legal education or work experience","Progressive (most liberal)","Power plant",1
"R_6RpX0rZbexHVyVd",2,"phrasal","Direct, intentional “harms” that are like hunting and shooting","Restricted",37.47,"Orca","","No legal education or work experience","Progressive (most liberal)","Orca",1
"R_7jkPZPh2cHPOkkV",4,"baseline","Any “relinquishment” including a temporary lease","Broad",71.746,"Power plant","","No legal education or work experience","Moderate/Centrist","Power plant",1
"R_3jx3v9JB1gmQY51",8,"phrasal","Utility “tanks” like fuel storage or septic systems","Restricted",22.759,"An aquarium","","No legal education or work experience","Progressive (most liberal)","An aquarium",1
"R_7tXS5AmeN3qksOR",2,"phrasal","Any “harm” including a skin rash resulting from neglect","Broad",120.463,"Orca","","No legal education or work experience","Liberal/Democrat","Orca",1
"R_581b9VvCigdLMcx",2,"baseline","Any “harm” including a skin rash resulting from neglect","Broad",24.038,"Orca","n/a","No legal education or work experience","Lean Liberal","Orca",1
"R_6x66QxyEHUQ0JEZ",5,"simple","A highly secure “closed and fastened case” that is like a gunbox or a securely tied package","Restricted",31.696,"In her purse","","No legal education or work experience","Lean Liberal","In her purse",1
"R_5lWXXCK32oU3N2g",12,"phrasal","Any “vehicle” including a bicycle","Broad",27.882,"Bicycle","None","No legal education or work experience","Moderate/Centrist","Bicycle",1
"R_5FKig8IoQq7ls0P",10,"phrasal","Any “machine” including a small sewing machine","Broad",43.164,"Sewing machine","","No legal education or work experience","Right-wing (most conservative)","Sewing machine",1
"R_6EDSLydoYZJdhzG",2,"simple","Any “harm” including a skin rash resulting from neglect","Broad",30.365,"Orca","N/A","No legal education or work experience","Moderate/Centrist","Orca",1
"R_6abG0UAQamOheh2",1,"phrasal","Any “educational benefit” including a housing subsidy paid to the student’s landlord","Broad",37.355,"Housing subsidy","N/A","No legal education or work experience","Progressive (most liberal)","Housing subsidy",1
"R_3jro1WLW2jIjjNL",5,"phrasal","Any kind of “closed and fastened case” including a purse","Broad",22.052,"In her purse","N/A","No legal education or work experience","Progressive (most liberal)","In her purse",1
"R_5zIUiw2rcI4mJP1",4,"phrasal","Any “relinquishment” including a temporary lease","Broad",30.691,"Power plant","","No legal education or work experience","Conservative/Republican","Power plant",1
"R_3GnXQ9FR7yZB43L",7,"phrasal","Any “detailed representations” including an intricate painting","Broad",49.594,"Joshua","","No legal education or work experience","Moderate/Centrist","Joshua",1
"R_5f726YZMFXIC9q9",12,"simple","“Vehicles” with engines like cars or trucks","Restricted",42.072,"Bicycle","","No legal education or work experience","Right-wing (most conservative)","Bicycle",1
"R_7BQsCeND9FvQ8Dv",5,"simple","A highly secure “closed and fastened case” that is like a gunbox or a securely tied package","Restricted",28.098,"In her purse","","No legal education or work experience","Moderate/Centrist","In her purse",1
"R_6FXV8Q8CKdQOeOC",2,"simple","Direct, intentional “harms” that are like hunting and shooting","Restricted",42.96,"Orca","","No legal education or work experience","Progressive (most liberal)","Orca",1
"R_67D6wKKN9E0k4N5",6,"baseline","“Waste” that could attract animals like food or drinks","Restricted",22.686,"At the campground","","Other (please specify)","Liberal/Democrat","At the campground",1
"R_6irCDdF5o2ToiHL",6,"simple","Any “waste” including used gift-wrapping paper","Broad",41.128,"At the campground","","No legal education or work experience","Progressive (most liberal)","At the campground",1
"R_5CVPzrAj1E5XrJl",1,"phrasal","“Educational benefits” like stipends and salaries that go into the student’s pocket","Restricted",51.529,"Housing subsidy","","No legal education or work experience","Liberal/Democrat","Housing subsidy",1
"R_6O9SqsCQnER1REl",8,"simple","Utility “tanks” like fuel storage or septic systems","Restricted",35.158,"An aquarium","","No legal education or work experience","Liberal/Democrat","An aquarium",1
"R_50cEwdE6sLNUmR3",4,"baseline","Permanent “relinquishment” which is like abandoning or demolishing","Restricted",41.84,"Power plant","","No legal education or work experience","Moderate/Centrist","Power plant",1
"R_6iafBVTf2T8hTHo",2,"phrasal","Any “harm” including a skin rash resulting from neglect","Broad",43.642,"Orca","n/a","Some law-related coursework","Moderate/Centrist","Orca",1
"R_3327IEF702L6dYB",6,"simple","Any “waste” including used gift-wrapping paper","Broad",41.356,"At the campground","straightforward survey.","No legal education or work experience","Liberal/Democrat","At the campground",1
"R_6V2yFsj3EVdYSE9",3,"simple","Any “clinic” including a wellness spa","Broad",41.958,"Gun","","No legal education or work experience","Liberal/Democrat","Gun",1
"R_7yhKpegwAGGKw4V",8,"simple","Any “tank” including a fish tank","Broad",47.907,"An aquarium","","No legal education or work experience","Lean Conservative","An aquarium",1
"R_6Kyd6W0vKawgIxZ",6,"phrasal","Any “waste” including used gift-wrapping paper","Broad",35.041,"At the campground","","No legal education or work experience","Progressive (most liberal)","At the campground",1
"R_6KBANQQO2Cv1em8",12,"simple","“Vehicles” with engines like cars or trucks","Restricted",17.276,"Bicycle","","No legal education or work experience","Liberal/Democrat","Bicycle",1
"R_5flR77Y97iZAKYX",2,"simple","Any “harm” including a skin rash resulting from neglect","Broad",21.063,"Orca","harm from not cleaning the tank is neglect","Legal work experience but no law degree","Lean Conservative","Orca",1
"R_1ypS67vyNJW97r3",1,"simple","Any “educational benefit” including a housing subsidy paid to the student’s landlord","Broad",33.727,"Housing subsidy","","Legal work experience but no law degree","Liberal/Democrat","Housing subsidy",1
"R_5i3PEW3JRdZxysB",7,"baseline","Any “detailed representations” including an intricate painting","Broad",42.879,"Joshua","","No legal education or work experience","Moderate/Centrist","Joshua",1
"R_60uQfZ42pvrm25i",7,"simple","Any “detailed representations” including an intricate painting","Broad",42.986,"Joshua","","No legal education or work experience","Lean Conservative","Joshua",1
"R_6Y9v6IEMXZWrsQi",2,"baseline","Any “harm” including a skin rash resulting from neglect","Broad",27.328,"Orca","","No legal education or work experience","Moderate/Centrist","Orca",1
"R_50krWGwsTEFm3lD",4,"phrasal","Permanent “relinquishment” which is like abandoning or demolishing","Restricted",19.032,"Power plant","","No legal education or work experience","Progressive (most liberal)","Power plant",1
"R_3oNl5tJ5ODkVbMX",1,"phrasal","Any “educational benefit” including a housing subsidy paid to the student’s landlord","Broad",56.693,"Housing subsidy","","No legal education or work experience","Progressive (most liberal)","Housing subsidy",1
"R_1EGC81Lu9zDGOkV",3,"baseline","Medical “clinics” that are like hospitals or urgent care centers","Restricted",16.394,"Gun","live in new jersey, really strict gun laws here so i'm less familiar","No legal education or work experience","Lean Conservative","Gun",1
"R_1Tt6Gju9eiGcs4V",8,"baseline","Any “tank” including a fish tank","Broad",42.709,"An aquarium","","No legal education or work experience","Lean Liberal","An aquarium",1
"R_6hmXKuUivKLmWEX",5,"baseline","A highly secure “closed and fastened case” that is like a gunbox or a securely tied package","Restricted",41.27,"In her purse","","No legal education or work experience","Lean Liberal","In her purse",1
"R_668sBtm1xoH7YxC",11,"phrasal","Any “electronic devices” including a small battery-power fan","Broad",27.92,"Nicholas","","No legal education or work experience","Moderate/Centrist","Nicholas",1
"R_7F1W0Xga3UvpuVL",9,"baseline","Promotional “signs” like advertisements or flyers","Restricted",13.466,"IT","","No legal education or work experience","Progressive (most liberal)","IT",1
"R_5dnWJwe8aBIr2Cf",9,"simple","Any “sign” including a happy birthday banner","Broad",19.168,"IT","Because it said ""other signs"" I believe that will include anything written down on a sign, including the banner. I suppose you could argue a banner isn't a sign but I'd have to research that.","No legal education or work experience","Progressive (most liberal)","IT",1
"R_5YYEgKaAYUIf8qt",1,"simple","Any “educational benefit” including a housing subsidy paid to the student’s landlord","Broad",46.733,"Housing subsidy","","Legal work experience but no law degree","Liberal/Democrat","Housing subsidy",1
"R_5NRr9Q0DcYpnxDb",7,"simple","Any “detailed representations” including an intricate painting","Broad",28.046,"Joshua","","No legal education or work experience","Conservative/Republican","Joshua",1
"R_1jfwSVgc6zLd3DC",9,"phrasal","Promotional “signs” like advertisements or flyers","Restricted",27.697,"IT","It could go either way, almost wish I had a 1-7 scale on how certain I was.","No legal education or work experience","Liberal/Democrat","IT",1
"R_5q4dWFlQFg2gWJH",11,"baseline","Any “electronic devices” including a small battery-power fan","Broad",27.333,"William","n/a","No legal education or work experience","Moderate/Centrist","Nicholas",0
"R_72bMjAUQFDBgQrn",9,"simple","Any “sign” including a happy birthday banner","Broad",57.07,"IT","","No legal education or work experience","Lean Liberal","IT",1
"R_5SiVAR7YiGoQw8n",7,"phrasal","Any “detailed representations” including an intricate painting","Broad",32.074,"Joshua","","Some law-related coursework","Liberal/Democrat","Joshua",1
"R_57B5iUGC9slpcdG",9,"baseline","Any “sign” including a happy birthday banner","Broad",12.643,"IT","","No legal education or work experience","Lean Liberal","IT",1
"R_72cmCNxDAiObj8F",1,"simple","“Educational benefits” like stipends and salaries that go into the student’s pocket","Restricted",37.455,"Housing subsidy","","No legal education or work experience","Conservative/Republican","Housing subsidy",1
"R_6jcbyRmX8DJZEhv",10,"simple","Loud “machines” like washers or dryers","Restricted",48.011,"Sewing machine","","No legal education or work experience","Liberal/Democrat","Sewing machine",1
"R_7Xd52AJYhmJlOPv",2,"simple","Direct, intentional “harms” that are like hunting and shooting","Restricted",21.74,"Orca","","Legal work experience but no law degree","Moderate/Centrist","Orca",1
"R_6GvlWrv9icjqSDH",11,"phrasal","Any “electronic devices” including a small battery-power fan","Broad",61.717,"Nicholas","","No legal education or work experience","Lean Liberal","Nicholas",1
"R_3Y8MFLAzc5eFZdf",7,"baseline","Any “detailed representations” including an intricate painting","Broad",54.591,"Joe","","No legal education or work experience","Liberal/Democrat","Joshua",0
"R_7DPhqBR7eRHQVuf",2,"baseline","Any “harm” including a skin rash resulting from neglect","Broad",30.027,"Orca","","No legal education or work experience","Lean Conservative","Orca",1
"R_1mPAvh50ZhwApXH",12,"baseline","“Vehicles” with engines like cars or trucks","Restricted",11.188,"Bicycle","","No legal education or work experience","Lean Conservative","Bicycle",1
"R_679fAsiExmI488R",11,"baseline","Any “electronic devices” including a small battery-power fan","Broad",24.56,"Nicholas","","No legal education or work experience","Lean Liberal","Nicholas",1
"R_7hFNG0YywLegbL5",3,"baseline","Medical “clinics” that are like hospitals or urgent care centers","Restricted",61.035,"Gun","the study was great","No legal education or work experience","Liberal/Democrat","Gun",1
"R_32eQOx6ig2Shk1C",12,"baseline","Any “vehicle” including a bicycle","Broad",24.287,"Bicycle","It is a good one. Quite engaging.","Legal work experience but no law degree","Lean Conservative","Bicycle",1
"R_3kLxdwVI53H2Hqe",3,"phrasal","Any “clinic” including a wellness spa","Broad",29.987,"Gun","","Legal work experience but no law degree","Lean Conservative","Gun",1
"R_6k19EshPilsi6u6",8,"baseline","Utility “tanks” like fuel storage or septic systems","Restricted",34.751,"An aquarium","Good survey","No legal education or work experience","Right-wing (most conservative)","An aquarium",1
"R_6G2FuRoCfDmlzme",10,"baseline","Any “machine” including a small sewing machine","Broad",31.952,"Sewing machine","","No legal education or work experience","Liberal/Democrat","Sewing machine",1
"R_5PgM5NiE1jOL0MZ",11,"simple","Any “electronic devices” including a small battery-power fan","Broad",34.663,"Nicholas","none","Some law-related coursework","Conservative/Republican","Nicholas",1
"R_1oHLrQDSZyoVO3P",5,"simple","A highly secure “closed and fastened case” that is like a gunbox or a securely tied package","Restricted",37.161,"In her purse","","No legal education or work experience","Lean Liberal","In her purse",1
"R_1VjYjSXbwOvjWpG",6,"baseline","Any “waste” including used gift-wrapping paper","Broad",29.507,"At the campground","","No legal education or work experience","Lean Liberal","At the campground",1
"R_5gS09KwfCxUKxCg",11,"simple","Digital “electronic devices” like phones or tablets","Restricted",59.193,"Nicholas","","No legal education or work experience","Lean Conservative","Nicholas",1
"R_5OoBCMNv9qlqNIy",8,"baseline","Utility “tanks” like fuel storage or septic systems","Restricted",30.056,"An aquarium","","No legal education or work experience","Progressive (most liberal)","An aquarium",1
"R_1cjVOiuzI1prXA4",11,"phrasal","Any “electronic devices” including a small battery-power fan","Broad",41.986,"Nicholas","This was interesting.","No legal education or work experience","Moderate/Centrist","Nicholas",1
"R_3TiIBZ1pSp1VM77",3,"baseline","Medical “clinics” that are like hospitals or urgent care centers","Restricted",22.599,"Gun","","Some law-related coursework","Lean Conservative","Gun",1
"R_1ejWxJ6md25Xi54",9,"phrasal","Promotional “signs” like advertisements or flyers","Restricted",24.75,"IT","Interesting study! Thank you.","No legal education or work experience","Moderate/Centrist","IT",1
"R_6CVBewScBgTk4Eh",4,"simple","Permanent “relinquishment” which is like abandoning or demolishing","Restricted",46.674,"Power plant","","No legal education or work experience","Moderate/Centrist","Power plant",1
"R_7jEb6Oqq8oR5P2N",8,"simple","Utility “tanks” like fuel storage or septic systems","Restricted",72.878,"An aquarium","","No legal education or work experience","Liberal/Democrat","An aquarium",1
"R_6HcuZxem2IL4pKS",5,"simple","Any kind of “closed and fastened case” including a purse","Broad",80.803,"In her purse","it was interesting thanks so much","No legal education or work experience","Lean Conservative","In her purse",1
"R_1KnmQraJtV1OcX7",6,"simple","“Waste” that could attract animals like food or drinks","Restricted",30.169,"At the campground","","No legal education or work experience","Lean Liberal","At the campground",1
"R_3m91XkreyLYl1Ey",5,"simple","A highly secure “closed and fastened case” that is like a gunbox or a securely tied package","Restricted",60.924,"In her purse","","No legal education or work experience","Liberal/Democrat","In her purse",1
"R_1RcEaHDPcOPz70J",1,"phrasal","“Educational benefits” like stipends and salaries that go into the student’s pocket","Restricted",22.774,"Housing subsidy","","No legal education or work experience","Progressive (most liberal)","Housing subsidy",1
"R_7AEGkTv5pf7UNix",12,"simple","“Vehicles” with engines like cars or trucks","Restricted",28.369,"Bicycle","","Some law-related coursework","Moderate/Centrist","Bicycle",1
"R_71njfHJNhp6QuGU",4,"baseline","Any “relinquishment” including a temporary lease","Broad",39.969,"Power plant","","Some law-related coursework","Progressive (most liberal)","Power plant",1
"R_3usc6wGPj9kAh4H",9,"simple","Any “sign” including a happy birthday banner","Broad",33.758,"IT","","No legal education or work experience","Moderate/Centrist","IT",1
"R_5NE7CPDaA2gCJ4x",6,"simple","Any “waste” including used gift-wrapping paper","Broad",18.594,"At the campground","","Some law-related coursework","Liberal/Democrat","At the campground",1
"R_6Pt4msSPmKcmcud",12,"simple","“Vehicles” with engines like cars or trucks","Restricted",83.221,"Bicycle","A bicycle does not have a motor or engine.  She should have never got put in any violation","Some law-related coursework","Conservative/Republican","Bicycle",1
"R_59nKCYqcvo5qGMp",8,"phrasal","Utility “tanks” like fuel storage or septic systems","Restricted",22.905,"A pet store","","No legal education or work experience","Lean Liberal","An aquarium",0
"R_7oRASru4QuW2EG3",6,"phrasal","Any “waste” including used gift-wrapping paper","Broad",31.168,"At the campground","","No legal education or work experience","Lean Liberal","At the campground",1
"R_6PyEQYvt1d5HSb7",2,"phrasal","Any “harm” including a skin rash resulting from neglect","Broad",66.498,"Orca","","No legal education or work experience","Liberal/Democrat","Orca",1
"R_7Pp8j6tyuTC8EdO",4,"phrasal","Any “relinquishment” including a temporary lease","Broad",143.156,"Power plant","","No legal education or work experience","Progressive (most liberal)","Power plant",1
"R_3SxcSF15xAHlLWY",11,"baseline","Any “electronic devices” including a small battery-power fan","Broad",69.345,"Nicholas","","Licensed attorney","Liberal/Democrat","Nicholas",1
"R_7khUNI2FYoUgF4M",11,"simple","Digital “electronic devices” like phones or tablets","Restricted",97.088,"Nicholas","Thanks","No legal education or work experience","Progressive (most liberal)","Nicholas",1
"R_7kbIXLghVlDD9fm",7,"simple","Architectural “detailed representations” like blueprints and technical drawings","Restricted",32.792,"Joe","","No legal education or work experience","Moderate/Centrist","Joshua",0
"R_6FJlT7rJfooucEN",12,"phrasal","“Vehicles” with engines like cars or trucks","Restricted",23.289,"Bicycle","","No legal education or work experience","Liberal/Democrat","Bicycle",1
"R_77UatimC9Nvwmjp",11,"simple","Digital “electronic devices” like phones or tablets","Restricted",31.117,"William","I'm not sure if I properly remembered the name of the student; sorry!","No legal education or work experience","Liberal/Democrat","Nicholas",0
"R_5oHdnFGBhCFbghb",5,"phrasal","A highly secure “closed and fastened case” that is like a gunbox or a securely tied package","Restricted",41.299,"In her purse","delete every gun in the universe","No legal education or work experience","Progressive (most liberal)","In her purse",1
"R_76jHiqaftQ2eiCR",4,"phrasal","Any “relinquishment” including a temporary lease","Broad",35.036,"Power plant","","Legal work experience but no law degree","Lean Conservative","Power plant",1
"R_62LPfAtj9nadmhj",1,"baseline","“Educational benefits” like stipends and salaries that go into the student’s pocket","Restricted",24.413,"Housing subsidy","","No legal education or work experience","Liberal/Democrat","Housing subsidy",1
"R_5Z8l5ZEDZiEzm1z",3,"phrasal","Medical “clinics” that are like hospitals or urgent care centers","Restricted",19.811,"Gun","","No legal education or work experience","Progressive (most liberal)","Gun",1
"R_1vEinxsWfuqEekN",6,"phrasal","Any “waste” including used gift-wrapping paper","Broad",45.958,"At the campground","","No legal education or work experience","Moderate/Centrist","At the campground",1
"R_7MPV2XM06xY00CO",3,"simple","Medical “clinics” that are like hospitals or urgent care centers","Restricted",61.445,"Gun","","No legal education or work experience","Liberal/Democrat","Gun",1
"R_5I69V7hHGmh6rRk",2,"phrasal","Any “harm” including a skin rash resulting from neglect","Broad",46.388,"Orca","","No legal education or work experience","Progressive (most liberal)","Orca",1
"R_1ONF0ZFWgLtvljJ",1,"baseline","Any “educational benefit” including a housing subsidy paid to the student’s landlord","Broad",129.1,"Housing subsidy","Thanks","No legal education or work experience","Lean Liberal","Housing subsidy",1
"R_3qf7STtC6UA7dRu",5,"baseline","Any kind of “closed and fastened case” including a purse","Broad",74.359,"In her purse","","Some law-related coursework","Liberal/Democrat","In her purse",1
"R_54AbfPoovo8BMa0",9,"simple","Any “sign” including a happy birthday banner","Broad",34.104,"IT","The rule is no flyers or signs. I consider a banner to be a sign.","No legal education or work experience","Liberal/Democrat","IT",1
"R_36G1BRuZGzJaCEV",12,"simple","“Vehicles” with engines like cars or trucks","Restricted",17.401,"Bicycle","","No legal education or work experience","Lean Conservative","Bicycle",1
"R_6Oy2n8XLW2zGiyV",2,"phrasal","Any “harm” including a skin rash resulting from neglect","Broad",35.251,"Orca","","No legal education or work experience","Liberal/Democrat","Orca",1
"R_5MNeU4sUxGB8O09",7,"phrasal","Any “detailed representations” including an intricate painting","Broad",82.931,"George","","No legal education or work experience","Right-wing (most conservative)","Joshua",0
"R_1ocYQWD9xAp0e9e",3,"phrasal","Any “clinic” including a wellness spa","Broad",11.497,"Gun","","No legal education or work experience","Progressive (most liberal)","Gun",1
"R_6OHjExs93TZlkdJ",8,"phrasal","Utility “tanks” like fuel storage or septic systems","Restricted",42.398,"An aquarium","","Some law-related coursework","Liberal/Democrat","An aquarium",1
"R_5WIFjkYGZddUxAT",4,"simple","Any “relinquishment” including a temporary lease","Broad",75.021,"Power plant","","Legal work experience but no law degree","Moderate/Centrist","Power plant",1
"R_7pJWwi0HfT974YK",8,"phrasal","Any “tank” including a fish tank","Broad",17.978,"An aquarium","","No legal education or work experience","Progressive (most liberal)","An aquarium",1
"R_10Hty2iyAuLu21x",10,"baseline","Any “machine” including a small sewing machine","Broad",18.704,"Sewing machine","","No legal education or work experience","Liberal/Democrat","Sewing machine",1
"R_7EheEpHJPMcVlU7",7,"phrasal","Any “detailed representations” including an intricate painting","Broad",65.968,"Joshua","","No legal education or work experience","Lean Conservative","Joshua",1
"R_3lzNuYbjdyTbfQH",9,"baseline","Any “sign” including a happy birthday banner","Broad",20.478,"IT","","No legal education or work experience","Moderate/Centrist","IT",1
"R_3VgbahLCBMwE3U5",12,"baseline","“Vehicles” with engines like cars or trucks","Restricted",19.739,"Bicycle","Study worked fine, no issues.","No legal education or work experience","Liberal/Democrat","Bicycle",1
"R_7DHjbiKHURje7Tt",12,"phrasal","Any “vehicle” including a bicycle","Broad",62.577,"Bicycle","","No legal education or work experience","Liberal/Democrat","Bicycle",1
"R_6TyUhVpgBMOCxsB",9,"phrasal","Any “sign” including a happy birthday banner","Broad",32.213,"IT","","No legal education or work experience","Progressive (most liberal)","IT",1
"R_64nLTT7yv6gf45A",7,"simple","Any “detailed representations” including an intricate painting","Broad",60.456,"Joshua","","No legal education or work experience","Progressive (most liberal)","Joshua",1
"R_3AYVXbKkk3ShJxX",11,"phrasal","Digital “electronic devices” like phones or tablets","Restricted",20.612,"Nicholas","","Other (please specify)","Moderate/Centrist","Nicholas",1
"R_7oHKn5j0AQWsZAL",12,"phrasal","“Vehicles” with engines like cars or trucks","Restricted",26.239,"Bicycle","","No legal education or work experience","Moderate/Centrist","Bicycle",1
"R_3PYNFM8LzPYmlzz",6,"simple","Any “waste” including used gift-wrapping paper","Broad",25.89,"At the campground","","Legal work experience but no law degree","Liberal/Democrat","At the campground",1
"R_6oG6aaS3Rkzvoj4",3,"baseline","Any “clinic” including a wellness spa","Broad",19.48,"Gun","","No legal education or work experience","Progressive (most liberal)","Gun",1
"R_5BwziZVqg4MG19k",5,"phrasal","Any kind of “closed and fastened case” including a purse","Broad",66.819,"In her purse","","No legal education or work experience","Lean Liberal","In her purse",1
"R_5sZPHzpIF8CvuaA",3,"simple","Medical “clinics” that are like hospitals or urgent care centers","Restricted",36.922,"Gun","","No legal education or work experience","Moderate/Centrist","Gun",1
"R_67SzVnAsoXoOwLL",10,"simple","Any “machine” including a small sewing machine","Broad",28.981,"Sewing machine","Even small sewing machines are loud. It really makes it seem like a biased survey when you say one machine is loud, but not the other. You didn't even describe the machines in the same way","No legal education or work experience","Progressive (most liberal)","Sewing machine",1
"R_12haDCqlgGvav5f",2,"baseline","Any “harm” including a skin rash resulting from neglect","Broad",26.141,"Orca","Thank you","No legal education or work experience","Progressive (most liberal)","Orca",1
"R_5hgRobjvirIpOZ5",7,"baseline","Architectural “detailed representations” like blueprints and technical drawings","Restricted",77.053,"Joshua","","Legal work experience but no law degree","Conservative/Republican","Joshua",1
"R_31ca3QbERD5UelL",3,"phrasal","Medical “clinics” that are like hospitals or urgent care centers","Restricted",35.692,"Gun","No feedback","No legal education or work experience","Progressive (most liberal)","Gun",1
"R_3CVdMofCn1IRXz5",4,"phrasal","Permanent “relinquishment” which is like abandoning or demolishing","Restricted",111.878,"Power plant","","No legal education or work experience","Liberal/Democrat","Power plant",1
"R_58GBG4KOHShReZX",7,"simple","Any “detailed representations” including an intricate painting","Broad",34.166,"Bill","","No legal education or work experience","Moderate/Centrist","Joshua",0
"R_6GWOIii6Yg7yyQx",4,"simple","Permanent “relinquishment” which is like abandoning or demolishing","Restricted",30.061,"Power plant","I do not have any additional comments, thank you ","No legal education or work experience","Moderate/Centrist","Power plant",1
"R_5zNFxn0MogzTQdg",2,"phrasal","Any “harm” including a skin rash resulting from neglect","Broad",32.536,"Orca","","No legal education or work experience","Liberal/Democrat","Orca",1
"R_6aDZmr0xMpn0yr7",8,"phrasal","Utility “tanks” like fuel storage or septic systems","Restricted",36.853,"An aquarium","","Legal work experience but no law degree","Liberal/Democrat","An aquarium",1
"R_5gcxUluiNEckrjX",1,"phrasal","Any “educational benefit” including a housing subsidy paid to the student’s landlord","Broad",37.536,"Housing subsidy","","No legal education or work experience","Liberal/Democrat","Housing subsidy",1
"R_6TUll5fEuM9pxKP",8,"phrasal","Utility “tanks” like fuel storage or septic systems","Restricted",11.464,"A pet store","","No legal education or work experience","Liberal/Democrat","An aquarium",0
"R_5MMpPSTlstIVPWN",5,"phrasal","A highly secure “closed and fastened case” that is like a gunbox or a securely tied package","Restricted",19.906,"In her purse","","Other (please specify)","Liberal/Democrat","In her purse",1
"R_6dv34B63EPBYGfM",10,"baseline","Loud “machines” like washers or dryers","Restricted",30.494,"Sewing machine","","No legal education or work experience","Progressive (most liberal)","Sewing machine",1
"R_1MJxbu16IpbF7Bs",2,"simple","Any “harm” including a skin rash resulting from neglect","Broad",30.114,"Orca","","No legal education or work experience","Progressive (most liberal)","Orca",1
"R_5c6rCrAl2ZjTzqo",3,"baseline","Any “clinic” including a wellness spa","Broad",63.468,"Gun","","No legal education or work experience","Moderate/Centrist","Gun",1
"R_1Lhs3C9DahDjP4z",2,"baseline","Any “harm” including a skin rash resulting from neglect","Broad",38.166,"Orca","","No legal education or work experience","Liberal/Democrat","Orca",1
"R_7mnqJghJzw6R8xS",12,"baseline","Any “vehicle” including a bicycle","Broad",15.653,"Bicycle","","No legal education or work experience","Liberal/Democrat","Bicycle",1
"R_5pWUMvTICrtPrk5",9,"phrasal","Any “sign” including a happy birthday banner","Broad",32.726,"IT","","No legal education or work experience","Moderate/Centrist","IT",1
"R_1lBYugySC50Vbqh",1,"simple","Any “educational benefit” including a housing subsidy paid to the student’s landlord","Broad",46.031,"Housing subsidy","","No legal education or work experience","Liberal/Democrat","Housing subsidy",1
"R_52JYeUlUSsNKxhj",5,"simple","A highly secure “closed and fastened case” that is like a gunbox or a securely tied package","Restricted",27.786,"In her purse","","No legal education or work experience","Liberal/Democrat","In her purse",1
"R_1M681f6Y3Smx5M7",8,"simple","Utility “tanks” like fuel storage or septic systems","Restricted",46.131,"An aquarium","","No legal education or work experience","Moderate/Centrist","An aquarium",1
"R_6qm74p9LwZZwIwZ",12,"phrasal","Any “vehicle” including a bicycle","Broad",20.185,"Bicycle","No","No legal education or work experience","Lean Conservative","Bicycle",1
"R_7dKXEOSxeoT51CD",3,"phrasal","Any “clinic” including a wellness spa","Broad",41.081,"Gun","No comments, thank you!","No legal education or work experience","Lean Liberal","Gun",1
"R_1fdrdFNrp18O2oV",10,"phrasal","Loud “machines” like washers or dryers","Restricted",28.668,"Sewing machine","Good morning. If the sewing machine were loud and can be heard by neighbors, then yes, that would apply to the violation. But any loud sounds that can be heard by neighbors after 10 (or was it 11) p.m., should be a violation. Anyway, an interesting thought experiment. Thank you and best wishes in your research.","No legal education or work experience","Progressive (most liberal)","Sewing machine",1
"R_3iLjLrXeZuhpFeh",10,"simple","Loud “machines” like washers or dryers","Restricted",31.985,"Sewing machine","Great survey, more of these would be great, thanks.","Some law-related coursework","Lean Liberal","Sewing machine",1
"R_7m1Sq44P0TI8iYa",6,"baseline","Any “waste” including used gift-wrapping paper","Broad",34.52,"At the campground","","No legal education or work experience","Liberal/Democrat","At the campground",1
"R_1mkgjsL6zaFpSjD",1,"baseline","Any “educational benefit” including a housing subsidy paid to the student’s landlord","Broad",108.045,"Housing subsidy","Thanks!","No legal education or work experience","Liberal/Democrat","Housing subsidy",1
"R_3M4IF74ON0HMZLI",5,"baseline","A highly secure “closed and fastened case” that is like a gunbox or a securely tied package","Restricted",27.737,"In her purse","","Some law-related coursework","Lean Conservative","In her purse",1
"R_6qa6wuROuNEhtGa",7,"baseline","Any “detailed representations” including an intricate painting","Broad",18.723,"Joshua","","No legal education or work experience","Moderate/Centrist","Joshua",1
"R_6mmZ1uMMrTuQ1ES",4,"baseline","Permanent “relinquishment” which is like abandoning or demolishing","Restricted",73.385,"Power plant","","No legal education or work experience","Conservative/Republican","Power plant",1
"R_6M5KMiMvscjECwt",6,"baseline","Any “waste” including used gift-wrapping paper","Broad",32.944,"At the campground","","No legal education or work experience","Right-wing (most conservative)","At the campground",1
"R_1KfKJElP6cC9yeQ",8,"baseline","Any “tank” including a fish tank","Broad",97.53,"An aquarium","","Some law-related coursework","Liberal/Democrat","An aquarium",1
"R_6EoEw62HHDeXJFW",6,"baseline","Any “waste” including used gift-wrapping paper","Broad",47.574,"At the campground","","Some law-related coursework","Moderate/Centrist","At the campground",1
"R_1aRbp2NoItOHTxF",11,"baseline","Digital “electronic devices” like phones or tablets","Restricted",26.435,"Nicholas","","No legal education or work experience","Progressive (most liberal)","Nicholas",1
"R_17C2hFZWzONN9Np",5,"baseline","Any kind of “closed and fastened case” including a purse","Broad",28.928,"In her purse","","Some law-related coursework","Progressive (most liberal)","In her purse",1
"R_1qL4CfBqZFrzuYx",3,"baseline","Any “clinic” including a wellness spa","Broad",18.258,"Gun","N/a","Some law-related coursework","Lean Conservative","Gun",1
"R_7IPMJkIx9s2eMue",9,"phrasal","Any “sign” including a happy birthday banner","Broad",23.977,"IT","","No legal education or work experience","Lean Liberal","IT",1
"R_6pyWCqUY9YnAUnt",6,"phrasal","Any “waste” including used gift-wrapping paper","Broad",21.939,"At the campground","","Some law-related coursework","Liberal/Democrat","At the campground",1
"R_5OAqEjXCQOeah8t",10,"simple","Loud “machines” like washers or dryers","Restricted",87.717,"Sewing machine","","No legal education or work experience","Lean Conservative","Sewing machine",1
"R_5scwPu5YYbc5mf2",3,"simple","Any “clinic” including a wellness spa","Broad",22.758,"Gun","Clinic it fits under so yes illegal this case is how I view it. ","No legal education or work experience","Conservative/Republican","Gun",1
"R_3oGauC8VzDHNUwZ",11,"phrasal","Digital “electronic devices” like phones or tablets","Restricted",58.823,"William","","No legal education or work experience","Lean Conservative","Nicholas",0
"R_1r2HUb9Ad91eZJC",5,"phrasal","A highly secure “closed and fastened case” that is like a gunbox or a securely tied package","Restricted",45.365,"On the passenger seat","Thank you for allowing me to participate in this study.","No legal education or work experience","Lean Conservative","In her purse",0
"R_6TTWbmXpqSYAZQ1",9,"simple","Any “sign” including a happy birthday banner","Broad",22.772,"IT","","No legal education or work experience","Conservative/Republican","IT",1
"R_6SgSdlKCMx36REZ",7,"phrasal","Architectural “detailed representations” like blueprints and technical drawings","Restricted",35.71,"Joshua","thankyou ","No legal education or work experience","Progressive (most liberal)","Joshua",1
"R_3q9JW2nupzq4sVP",1,"simple","Any “educational benefit” including a housing subsidy paid to the student’s landlord","Broad",64.992,"Housing subsidy","","No legal education or work experience","Lean Conservative","Housing subsidy",1
"R_6zDvgJp5nJEO4kF",9,"baseline","Any “sign” including a happy birthday banner","Broad",25.655,"IT","None.","No legal education or work experience","Lean Conservative","IT",1
"R_6D6WN1BX5awGu2V",3,"simple","Medical “clinics” that are like hospitals or urgent care centers","Restricted",31.275,"Gun","","No legal education or work experience","Lean Liberal","Gun",1
"R_5DI2bqSOlaV3FRx",2,"baseline","Direct, intentional “harms” that are like hunting and shooting","Restricted",30.592,"Orca","Thanks for the opportunity!","No legal education or work experience","Right-wing (most conservative)","Orca",1
"R_6ijXjUqyjUg4x9Y",4,"baseline","Any “relinquishment” including a temporary lease","Broad",50.388,"Power plant","","No legal education or work experience","Moderate/Centrist","Power plant",1
"R_6sThdyf4490nP4T",1,"phrasal","“Educational benefits” like stipends and salaries that go into the student’s pocket","Restricted",24.995,"Housing subsidy","","No legal education or work experience","Liberal/Democrat","Housing subsidy",1
"R_7nPJAtaSX5N8mr7",12,"simple","“Vehicles” with engines like cars or trucks","Restricted",19.922,"Bicycle","","No legal education or work experience","Lean Liberal","Bicycle",1
"R_5fghDwTNwqPWFzY",4,"simple","Permanent “relinquishment” which is like abandoning or demolishing","Restricted",169.179,"Power plant","","No legal education or work experience","Liberal/Democrat","Power plant",1
"R_5qZJFmPdTWcKFjW",11,"simple","Digital “electronic devices” like phones or tablets","Restricted",34.115,"Nicholas","","Other (please specify)","Conservative/Republican","Nicholas",1
"R_6jVTq9CpwFgSTGF",2,"simple","Direct, intentional “harms” that are like hunting and shooting","Restricted",60.442,"Orca","","Legal work experience but no law degree","Moderate/Centrist","Orca",1
"R_1vZxTOl7uK6uhVf",1,"baseline","“Educational benefits” like stipends and salaries that go into the student’s pocket","Restricted",66.004,"Housing subsidy","n","No legal education or work experience","Right-wing (most conservative)","Housing subsidy",1
"R_5wirYaC4Ukctxok",1,"baseline","Any “educational benefit” including a housing subsidy paid to the student’s landlord","Broad",40.838,"Housing subsidy","","No legal education or work experience","Progressive (most liberal)","Housing subsidy",1
"R_5SwxYY3rYd5U8Jg",8,"simple","Utility “tanks” like fuel storage or septic systems","Restricted",19.331,"An aquarium","","No legal education or work experience","Progressive (most liberal)","An aquarium",1
"R_54yIwd7IaHa2U4p",7,"simple","Any “detailed representations” including an intricate painting","Broad",40.893,"Joshua","","No legal education or work experience","Conservative/Republican","Joshua",1
"R_3vrSeOtL4Uoph8R",3,"simple","Medical “clinics” that are like hospitals or urgent care centers","Restricted",47.29,"Gun","","No legal education or work experience","Liberal/Democrat","Gun",1
"R_5rTkM8ES91O5dBa",4,"simple","Any “relinquishment” including a temporary lease","Broad",57.196,"Power plant","perfect","No legal education or work experience","Liberal/Democrat","Power plant",1
"R_54nMGVHGkpSfUVg",11,"simple","Any “electronic devices” including a small battery-power fan","Broad",35.42,"Nicholas","","No legal education or work experience","Liberal/Democrat","Nicholas",1
"R_6ePRep1EuNRstAv",12,"simple","“Vehicles” with engines like cars or trucks","Restricted",19.017,"Bicycle","","No legal education or work experience","Liberal/Democrat","Bicycle",1
"R_7jTaZ6hjHkmU0BM",1,"baseline","Any “educational benefit” including a housing subsidy paid to the student’s landlord","Broad",55.009,"Housing subsidy","great study","No legal education or work experience","Lean Conservative","Housing subsidy",1
"R_3w69DLH7XptALc2",10,"baseline","Any “machine” including a small sewing machine","Broad",16.554,"Sewing machine","","No legal education or work experience","Moderate/Centrist","Sewing machine",1
"R_3pFqsSg30NXV3Ev",10,"baseline","Any “machine” including a small sewing machine","Broad",22.616,"Sewing machine","It's not the type of machine, it should be the noise level.  If neighbors can hear her sewing machine, then it should not be used.  Is a stereo considered a machine or someone's cell phone that can play music considered a machine?  I think it should be altered to include any type of noise, music, etc.  My dishwasher is relatively quiet.  I sometimes hear it another room.  So again, I think it's about noise level vs. the word machine.  Drums or a guitar aren't machines, but they can be loud.  Sorry if I'm overthinking this...","No legal education or work experience","Liberal/Democrat","Sewing machine",1
"R_3rVeGKyDr3YPEyC",8,"baseline","Any “tank” including a fish tank","Broad",29.196,"A pet store","","No legal education or work experience","Right-wing (most conservative)","An aquarium",0
"R_7qrgCrVNMKp8kxo",10,"baseline","Any “machine” including a small sewing machine","Broad",24.847,"Sewing machine","","No legal education or work experience","Moderate/Centrist","Sewing machine",1
"R_77QHN2L0dTYUtfH",12,"simple","“Vehicles” with engines like cars or trucks","Restricted",15.886,"Bicycle","","No legal education or work experience","Progressive (most liberal)","Bicycle",1
"R_5HZIhkwvGSGHoZz",10,"simple","Loud “machines” like washers or dryers","Restricted",32.401,"Sewing machine","","No legal education or work experience","Lean Conservative","Sewing machine",1
"R_5OjjGwtZARURXkB",1,"simple","“Educational benefits” like stipends and salaries that go into the student’s pocket","Restricted",32.169,"Housing subsidy","","No legal education or work experience","Progressive (most liberal)","Housing subsidy",1
"R_7EiZsIfXPac1jgL",10,"simple","Any “machine” including a small sewing machine","Broad",32.834,"Sewing machine","","No legal education or work experience","Progressive (most liberal)","Sewing machine",1
"R_5nu4XqjPou68Sy6",4,"phrasal","Any “relinquishment” including a temporary lease","Broad",29.819,"Power plant","","No legal education or work experience","Liberal/Democrat","Power plant",1
"R_7LZ5VWGnO5bp0dV",11,"phrasal","Digital “electronic devices” like phones or tablets","Restricted",21.532,"Nicholas","","No legal education or work experience","Progressive (most liberal)","Nicholas",1
"R_5PgKFEnYncfWqZh",7,"baseline","Architectural “detailed representations” like blueprints and technical drawings","Restricted",44.261,"George","","No legal education or work experience","Liberal/Democrat","Joshua",0
"R_6t52nmXmDh9zyla",10,"phrasal","Loud “machines” like washers or dryers","Restricted",49.275,"Sewing machine","","No legal education or work experience","Conservative/Republican","Sewing machine",1
"R_1aZb6BNSTlFF2db",7,"baseline","Any “detailed representations” including an intricate painting","Broad",29.526,"Joshua","","No legal education or work experience","Moderate/Centrist","Joshua",1
"R_6KBM7nlBK6aNXI6",8,"simple","Utility “tanks” like fuel storage or septic systems","Restricted",88.902,"An aquarium","","No legal education or work experience","Conservative/Republican","An aquarium",1
"R_7phby7PSk7Rmz8W",4,"simple","Permanent “relinquishment” which is like abandoning or demolishing","Restricted",23.268,"Power plant","","Some law-related coursework","Moderate/Centrist","Power plant",1
"R_5B2uNpj6JT6OIx3",12,"baseline","“Vehicles” with engines like cars or trucks","Restricted",24.296,"Bicycle","n/a","Some law-related coursework","Liberal/Democrat","Bicycle",1
"R_7FmZW3DXBhDsSDD",11,"baseline","Digital “electronic devices” like phones or tablets","Restricted",17.667,"Nicholas","","No legal education or work experience","Lean Liberal","Nicholas",1
"R_7iO25EvOT32zRCN",9,"baseline","Any “sign” including a happy birthday banner","Broad",14.566,"IT","","No legal education or work experience","Progressive (most liberal)","IT",1
"R_6q49tXSRAlmNZVD",5,"phrasal","A highly secure “closed and fastened case” that is like a gunbox or a securely tied package","Restricted",21.793,"In her purse","","No legal education or work experience","Liberal/Democrat","In her purse",1
"R_33XGNZhvyOh1HBT",6,"phrasal","Any “waste” including used gift-wrapping paper","Broad",59.925,"At the campground","","No legal education or work experience","Lean Liberal","At the campground",1
"R_7IXE2108kRuSGcA",5,"baseline","A highly secure “closed and fastened case” that is like a gunbox or a securely tied package","Restricted",18.146,"In her purse","","No legal education or work experience","Progressive (most liberal)","In her purse",1
"R_7ppVhm6bf7iNnlT",12,"phrasal","Any “vehicle” including a bicycle","Broad",21.819,"Bicycle","","No legal education or work experience","Progressive (most liberal)","Bicycle",1
"R_5j3AeCrHnLezsy5",1,"simple","Any “educational benefit” including a housing subsidy paid to the student’s landlord","Broad",12.597,"Housing subsidy","","No legal education or work experience","Lean Liberal","Housing subsidy",1
"R_7sPuzhvI6vpR1W9",8,"phrasal","Any “tank” including a fish tank","Broad",26.534,"An aquarium","","No legal education or work experience","Conservative/Republican","An aquarium",1
"R_73ewgzn9PyPxk6m",6,"phrasal","“Waste” that could attract animals like food or drinks","Restricted",67.207,"At the campground","","No legal education or work experience","Progressive (most liberal)","At the campground",1
"R_5DDUCAbOkkj4zDj",10,"phrasal","Loud “machines” like washers or dryers","Restricted",27.666,"Sewing machine","","No legal education or work experience","Lean Liberal","Sewing machine",1
"R_7DYWcbFeP0iNxuR",11,"baseline","Digital “electronic devices” like phones or tablets","Restricted",19.597,"Nicholas","","No legal education or work experience","Conservative/Republican","Nicholas",1
"R_108B8EPea8TSlju",2,"phrasal","Direct, intentional “harms” that are like hunting and shooting","Restricted",16.047,"Orca","","No legal education or work experience","Right-wing (most conservative)","Orca",1
"R_7ONs4pUHO16HRpf",4,"phrasal","Any “relinquishment” including a temporary lease","Broad",51.088,"Power plant","","No legal education or work experience","Progressive (most liberal)","Power plant",1
"R_3BoGtC9Wfzhji6d",4,"simple","Any “relinquishment” including a temporary lease","Broad",59.82,"Power plant","","Some law-related coursework","Conservative/Republican","Power plant",1
"R_75LcmKMH25P7XeV",9,"simple","Any “sign” including a happy birthday banner","Broad",17.466,"IT","","No legal education or work experience","Conservative/Republican","IT",1
"R_5NlxQaGPxixNzIW",2,"baseline","Any “harm” including a skin rash resulting from neglect","Broad",33.582,"Orca","","No legal education or work experience","Conservative/Republican","Orca",1
"R_7ZV5V1pyBYvuR9D",6,"simple","Any “waste” including used gift-wrapping paper","Broad",41.373,"At the campground","","No legal education or work experience","Conservative/Republican","At the campground",1
"R_5c2dwfeuokllQxk",2,"phrasal","Any “harm” including a skin rash resulting from neglect","Broad",20.592,"Orca","","No legal education or work experience","Moderate/Centrist","Orca",1
"R_3MgICEcujkmpWxj",9,"simple","Any “sign” including a happy birthday banner","Broad",35.658,"HR","The part of the rule that states 'no signs' covers everything.","Other (please specify)","Lean Liberal","IT",0
"R_7jBpFChXfHDVIWx",3,"baseline","Any “clinic” including a wellness spa","Broad",24.748,"Gun","","No legal education or work experience","Lean Liberal","Gun",1
"R_1OqAGymoBAjDRPs",1,"simple","Any “educational benefit” including a housing subsidy paid to the student’s landlord","Broad",47.765,"Housing subsidy","","No legal education or work experience","Liberal/Democrat","Housing subsidy",1
"R_7gSAssWnNKuQ7fS",10,"baseline","Loud “machines” like washers or dryers","Restricted",38.694,"Sewing machine","I'm interested to see what a machine is classified as. ","No legal education or work experience","Lean Liberal","Sewing machine",1
"R_3eysIq4QVDOaTKs",5,"phrasal","A highly secure “closed and fastened case” that is like a gunbox or a securely tied package","Restricted",24.672,"In her purse","","No legal education or work experience","Right-wing (most conservative)","In her purse",1
"R_7LTV2AZ5fRdj1QJ",12,"baseline","“Vehicles” with engines like cars or trucks","Restricted",27.362,"Bicycle","No additional comment ","Some law-related coursework","Right-wing (most conservative)","Bicycle",1
"R_1jSyTfmnjBtJpVi",1,"baseline","“Educational benefits” like stipends and salaries that go into the student’s pocket","Restricted",40.178,"Housing subsidy","","No legal education or work experience","Moderate/Centrist","Housing subsidy",1
"R_6ilXMUwA3OcGGwd",8,"simple","Any “tank” including a fish tank","Broad",50.141,"An aquarium","","No legal education or work experience","Lean Conservative","An aquarium",1
"R_7yfGEkKBlXpqy0N",5,"simple","A highly secure “closed and fastened case” that is like a gunbox or a securely tied package","Restricted",30.399,"In her purse","","Legal work experience but no law degree","Progressive (most liberal)","In her purse",1
"R_1FhdAdNgRxVFIY7",9,"baseline","Any “sign” including a happy birthday banner","Broad",25.359,"IT","none","No legal education or work experience","Conservative/Republican","IT",1
"R_7XcYQLf46kZGIXk",3,"baseline","Medical “clinics” that are like hospitals or urgent care centers","Restricted",21.148,"Gun","What was it about?","No legal education or work experience","Moderate/Centrist","Gun",1
"R_57qjcxz8FW8nhxp",12,"phrasal","Any “vehicle” including a bicycle","Broad",15.207,"Bicycle","","No legal education or work experience","Liberal/Democrat","Bicycle",1
"R_7HiLeITPCVpuM5H",7,"baseline","Any “detailed representations” including an intricate painting","Broad",31.104,"Joshua","","No legal education or work experience","Moderate/Centrist","Joshua",1
"R_6Rl1YQDaebEAvBg",9,"phrasal","Any “sign” including a happy birthday banner","Broad",45.007,"IT","None","No legal education or work experience","Lean Conservative","IT",1
"R_5wssZ8kQZZAONWk",7,"phrasal","Any “detailed representations” including an intricate painting","Broad",51.326,"Joshua","","Some law-related coursework","Lean Conservative","Joshua",1
"R_5s0xdxlq5AnQiap",2,"simple","Any “harm” including a skin rash resulting from neglect","Broad",150.804,"Orca","no","No legal education or work experience","Liberal/Democrat","Orca",1
"R_6HfJ6Mo8RGhDx17",1,"phrasal","Any “educational benefit” including a housing subsidy paid to the student’s landlord","Broad",51.276,"Housing subsidy","","No legal education or work experience","Progressive (most liberal)","Housing subsidy",1
"R_5c8f8KJZc32oP88",10,"phrasal","Any “machine” including a small sewing machine","Broad",19.767,"Sewing machine","","No legal education or work experience","Progressive (most liberal)","Sewing machine",1
"R_5OlgTvoyzJhNMC5",11,"phrasal","Any “electronic devices” including a small battery-power fan","Broad",45.723,"Nicholas","Thanks","No legal education or work experience","Liberal/Democrat","Nicholas",1
"R_1PmXfssAEYwZ34k",2,"simple","Direct, intentional “harms” that are like hunting and shooting","Restricted",22.321,"Orca","","Some law-related coursework","Moderate/Centrist","Orca",1
"R_7EmzGKd8JTYankD",12,"baseline","“Vehicles” with engines like cars or trucks","Restricted",18.014,"Bicycle","none","No legal education or work experience","Lean Liberal","Bicycle",1
"R_7C58UP6mVRHYMa5",6,"phrasal","Any “waste” including used gift-wrapping paper","Broad",27.788,"At the campground","","No legal education or work experience","Liberal/Democrat","At the campground",1
"R_3PdexgzKfhfqUM4",8,"simple","Utility “tanks” like fuel storage or septic systems","Restricted",4.153,"An aquarium","None for now","No legal education or work experience","Lean Conservative","An aquarium",1
"R_7dup9SsEUPe3XQm",8,"baseline","Any “tank” including a fish tank","Broad",35.345,"An aquarium","","No legal education or work experience","Moderate/Centrist","An aquarium",1
"R_3f8uQ4iHea58OLg",8,"phrasal","Utility “tanks” like fuel storage or septic systems","Restricted",20.113,"An aquarium","","No legal education or work experience","Liberal/Democrat","An aquarium",1
"R_7NdzuMbDbZp1Yzf",6,"baseline","Any “waste” including used gift-wrapping paper","Broad",54.001,"At the campground","","No legal education or work experience","Conservative/Republican","At the campground",1
"R_7s4Smfn4UFaiveG",5,"phrasal","A highly secure “closed and fastened case” that is like a gunbox or a securely tied package","Restricted",97.517,"In her purse","","No legal education or work experience","Liberal/Democrat","In her purse",1
"R_66maFcValzrYhd1",7,"phrasal","Any “detailed representations” including an intricate painting","Broad",65.396,"Joshua","","No legal education or work experience","Moderate/Centrist","Joshua",1
"R_7H6J6LI5ktynspb",1,"phrasal","Any “educational benefit” including a housing subsidy paid to the student’s landlord","Broad",25.376,"Housing subsidy","","No legal education or work experience","Progressive (most liberal)","Housing subsidy",1
"R_5dtOpmPsbUdoJgZ",7,"baseline","Any “detailed representations” including an intricate painting","Broad",170.189,"Joshua","","No legal education or work experience","Moderate/Centrist","Joshua",1
"R_5U2VjGU95UPWIs9",6,"baseline","Any “waste” including used gift-wrapping paper","Broad",30.546,"At the campground","","No legal education or work experience","Conservative/Republican","At the campground",1
"R_5koicbxHxt2rWlN",12,"baseline","“Vehicles” with engines like cars or trucks","Restricted",23.048,"Bicycle","","No legal education or work experience","Moderate/Centrist","Bicycle",1
"R_7E0lb7WYLa22ssG",11,"simple","Digital “electronic devices” like phones or tablets","Restricted",16.753,"Nicholas","","No legal education or work experience","Conservative/Republican","Nicholas",1
"R_7mr8IG4mfLAd5Cz",1,"baseline","Any “educational benefit” including a housing subsidy paid to the student’s landlord","Broad",46.365,"Housing subsidy","","No legal education or work experience","Conservative/Republican","Housing subsidy",1
"R_626nuRDMV81QYna",11,"simple","Digital “electronic devices” like phones or tablets","Restricted",56.021,"Nicholas","","No legal education or work experience","Progressive (most liberal)","Nicholas",1
"R_5J26zjJxzdHayNX",4,"phrasal","Any “relinquishment” including a temporary lease","Broad",71.787,"Power plant","I think this study should have included a writing task in order for participants to expand on their views.","No legal education or work experience","Progressive (most liberal)","Power plant",1
"R_5LnW8LwOCE6yPS0",4,"phrasal","Any “relinquishment” including a temporary lease","Broad",45.01,"Waste disposal","","No legal education or work experience","Lean Liberal","Power plant",0
"R_1tbB61vpTXFaU82",10,"phrasal","Any “machine” including a small sewing machine","Broad",53.965,"Sewing machine","The rule is very badly written. However, a strick interpretation of the rule clearly indicates that no machines can be used late at night. ","No legal education or work experience","Progressive (most liberal)","Sewing machine",1
"R_1asf4jiwOfRITkW",3,"simple","Any “clinic” including a wellness spa","Broad",34.024,"Gun","","No legal education or work experience","Lean Conservative","Gun",1
"R_7rIbR7cpRYkrhKI",7,"simple","Any “detailed representations” including an intricate painting","Broad",29.15,"Joshua","","Some law-related coursework","Moderate/Centrist","Joshua",1
"R_3YzPDPEYDNLDQmB",9,"baseline","Any “sign” including a happy birthday banner","Broad",28.645,"IT","No comments.","No legal education or work experience","Conservative/Republican","IT",1
"R_7FKYI5w4lDAjE5b",6,"simple","“Waste” that could attract animals like food or drinks","Restricted",40.797,"At the campground","","No legal education or work experience","Lean Liberal","At the campground",1
"R_1i2UpH5o6w9MOFv",10,"simple","Loud “machines” like washers or dryers","Restricted",43.714,"Sewing machine","","Some law-related coursework","Liberal/Democrat","Sewing machine",1
"R_5Jbo95fHc4RuYkZ",6,"simple","Any “waste” including used gift-wrapping paper","Broad",26.489,"At the campground","The scenario was straightforward and the questions were clear and easy to follow","No legal education or work experience","Conservative/Republican","At the campground",1
"R_5vo7QsHJXwqO50Z",1,"baseline","“Educational benefits” like stipends and salaries that go into the student’s pocket","Restricted",27.509,"Housing subsidy","","No legal education or work experience","Lean Liberal","Housing subsidy",1
"R_1mOUuhEh0mdjXvE",4,"baseline","Any “relinquishment” including a temporary lease","Broad",54.738,"Power plant","","No legal education or work experience","Conservative/Republican","Power plant",1
"R_6QrW2XoaByCVlCR",3,"baseline","Medical “clinics” that are like hospitals or urgent care centers","Restricted",16.888,"Gun","","No legal education or work experience","Lean Conservative","Gun",1
"R_7VAUjiJstst9M2t",7,"simple","Architectural “detailed representations” like blueprints and technical drawings","Restricted",25.198,"Joshua","None, thank you.","No legal education or work experience","Conservative/Republican","Joshua",1
"R_3WwzoST9PsWxK2l",2,"baseline","Any “harm” including a skin rash resulting from neglect","Broad",51.264,"Orca","","No legal education or work experience","Progressive (most liberal)","Orca",1
"R_55uvvL6PxoH6VEu",8,"simple","Utility “tanks” like fuel storage or septic systems","Restricted",28.251,"An aquarium","","No legal education or work experience","Conservative/Republican","An aquarium",1
"R_1yk7KzwAVoJOVpL",3,"phrasal","Any “clinic” including a wellness spa","Broad",30.932,"Gun","","No legal education or work experience","Moderate/Centrist","Gun",1
"R_7MYSpCRZpzNrUv8",9,"phrasal","Any “sign” including a happy birthday banner","Broad",29.879,"IT","Interesting study because last place I worked had the same rules.","No legal education or work experience","Right-wing (most conservative)","IT",1
"R_5MTaizb67dRffmv",2,"baseline","Direct, intentional “harms” that are like hunting and shooting","Restricted",37.613,"Orca","","No legal education or work experience","Liberal/Democrat","Orca",1
"R_71FaYxf1pRoxFQK",6,"phrasal","Any “waste” including used gift-wrapping paper","Broad",31.652,"At the campground","","No legal education or work experience","Liberal/Democrat","At the campground",1
"R_7lSs494JTB0WncU",9,"phrasal","Any “sign” including a happy birthday banner","Broad",16.462,"IT","Nothing to add - thank you.","No legal education or work experience","Right-wing (most conservative)","IT",1
"R_5iQVZtg3J5FUN3P",3,"phrasal","Any “clinic” including a wellness spa","Broad",47.36,"Gun","","No legal education or work experience","Lean Conservative","Gun",1
"R_6KOzEMTMT7pRYxH",7,"simple","Any “detailed representations” including an intricate painting","Broad",39.219,"George","","Some law-related coursework","Progressive (most liberal)","Joshua",0
"R_6g9YufgKCljcDOV",12,"simple","Any “vehicle” including a bicycle","Broad",66.336,"Bicycle","It was very easy one, Thanks for the study.","No legal education or work experience","Moderate/Centrist","Bicycle",1
"R_5M6Bj5ZWBjngzvZ",5,"baseline","A highly secure “closed and fastened case” that is like a gunbox or a securely tied package","Restricted",35.252,"In her purse","","Some law-related coursework","Moderate/Centrist","In her purse",1
"R_5tJaOjtIB7W5vgV",4,"baseline","Permanent “relinquishment” which is like abandoning or demolishing","Restricted",36.188,"Power plant","","No legal education or work experience","Right-wing (most conservative)","Power plant",1
"R_3Us8laajeCu9R3X",3,"simple","Any “clinic” including a wellness spa","Broad",31.291,"Gun","Thank you for allowing me to participate. Interesting thought experiment. ","No legal education or work experience","Moderate/Centrist","Gun",1
"R_548ZKzfb29sJM6R",4,"baseline","Any “relinquishment” including a temporary lease","Broad",24.863,"Power plant","","No legal education or work experience","Progressive (most liberal)","Power plant",1
"R_63VwFeWyTJVvWEt",11,"baseline","Digital “electronic devices” like phones or tablets","Restricted",35.786,"Nicholas","","Other (please specify)","Conservative/Republican","Nicholas",1
"R_32CZ1zfPAWziX1h",3,"baseline","Any “clinic” including a wellness spa","Broad",20.206,"Gun","","No legal education or work experience","Progressive (most liberal)","Gun",1
"R_7vbPd7NOKm7rXYl",10,"phrasal","Loud “machines” like washers or dryers","Restricted",53.715,"Sewing machine","Thank you.","No legal education or work experience","Conservative/Republican","Sewing machine",1
"R_3U6mMcDptK4mfXl",11,"phrasal","Digital “electronic devices” like phones or tablets","Restricted",29.243,"Nicholas","n/a","Some law-related coursework","Liberal/Democrat","Nicholas",1
"R_3Cmhk3hKARrvrwF",12,"phrasal","Any “vehicle” including a bicycle","Broad",25.51,"Bicycle","No comments at this time ","No legal education or work experience","Lean Liberal","Bicycle",1
"R_7KjWIAf0omvjWwt",6,"baseline","Any “waste” including used gift-wrapping paper","Broad",25.648,"At the campground","nothing further","No legal education or work experience","Moderate/Centrist","At the campground",1
"R_7IAXtZaUwQV0xXZ",11,"baseline","Digital “electronic devices” like phones or tablets","Restricted",27.88,"Nicholas","","No legal education or work experience","Conservative/Republican","Nicholas",1
"R_3iqbmHUxRA5pzJP",5,"simple","A highly secure “closed and fastened case” that is like a gunbox or a securely tied package","Restricted",24.782,"In her purse","","No legal education or work experience","Liberal/Democrat","In her purse",1
"R_3cTBTSKcRNc2IFP",9,"phrasal","Any “sign” including a happy birthday banner","Broad",28.184,"IT","N/a","No legal education or work experience","Conservative/Republican","IT",1
"R_3rNamARLVVfo525",10,"simple","Loud “machines” like washers or dryers","Restricted",27.905,"Sewing machine","No Comment, thank you! ","No legal education or work experience","Moderate/Centrist","Sewing machine",1
"R_5Sl64rvhsrWc97e",8,"phrasal","Utility “tanks” like fuel storage or septic systems","Restricted",34.61,"An aquarium","I would interpret it to mean underground storage tanks.","Licensed attorney","Lean Liberal","An aquarium",1
"R_3mgYOzr6uBzDU7A",4,"phrasal","Permanent “relinquishment” which is like abandoning or demolishing","Restricted",45.176,"Power plant","","No legal education or work experience","Moderate/Centrist","Power plant",1
"R_5j6TkqQbiNSBdJP",11,"simple","Any “electronic devices” including a small battery-power fan","Broad",15.87,"Nicholas","","Some law-related coursework","Lean Conservative","Nicholas",1
"R_61BAGI5E9V84wLA",11,"baseline","Any “electronic devices” including a small battery-power fan","Broad",16.197,"Mary","","Other (please specify)","Liberal/Democrat","Nicholas",0
"R_3GfWbXFF0vKsISP",11,"simple","Digital “electronic devices” like phones or tablets","Restricted",44.027,"William","Thank you for having me! ","No legal education or work experience","Lean Liberal","Nicholas",0
"R_1LTIEtIoBPeePL8",5,"simple","A highly secure “closed and fastened case” that is like a gunbox or a securely tied package","Restricted",30.29,"In her purse","","No legal education or work experience","Liberal/Democrat","In her purse",1
"R_1pK9ex6H6YCNCL3",11,"baseline","Any “electronic devices” including a small battery-power fan","Broad",21.353,"Nicholas","","No legal education or work experience","Progressive (most liberal)","Nicholas",1
"R_7qC1AjGC2QrtSPp",10,"phrasal","Loud “machines” like washers or dryers","Restricted",20.713,"Sewing machine","","Some law-related coursework","Lean Conservative","Sewing machine",1
"R_1wSoa2LdjBkIxQI",11,"phrasal","Digital “electronic devices” like phones or tablets","Restricted",35.286,"Nicholas","i dont have any","No legal education or work experience","Moderate/Centrist","Nicholas",1
"R_7jiZ85xNv0ObdNO",4,"simple","Permanent “relinquishment” which is like abandoning or demolishing","Restricted",12.817,"Gas","","No legal education or work experience","Conservative/Republican","Power plant",0
"R_6ZIcCdxfNb0gSMd",4,"baseline","Any “relinquishment” including a temporary lease","Broad",134.573,"Power plant","I have no comment","No legal education or work experience","Lean Liberal","Power plant",1
"R_3gWwwC7CjVa7AkN",7,"phrasal","Any “detailed representations” including an intricate painting","Broad",41.321,"Joshua","","Some law-related coursework","Liberal/Democrat","Joshua",1
"R_7c2ErwnYhbfgnSp",8,"simple","Any “tank” including a fish tank","Broad",49.184,"An aquarium","","No legal education or work experience","Liberal/Democrat","An aquarium",1
"R_1feLGIS4QjEtBD6",10,"phrasal","Any “machine” including a small sewing machine","Broad",57.48,"Sewing machine","The instructions  were very clear, top survey.","No legal education or work experience","Liberal/Democrat","Sewing machine",1
"R_5txtHpJzwdovHCt",12,"phrasal","Any “vehicle” including a bicycle","Broad",22.88,"Bicycle","","No legal education or work experience","Progressive (most liberal)","Bicycle",1
"R_1moX052ZyBgDXPP",8,"baseline","Utility “tanks” like fuel storage or septic systems","Restricted",29.121,"A coffee shop","","No legal education or work experience","Lean Liberal","An aquarium",0
"R_5ZksJh5jhFUhn2N",5,"simple","A highly secure “closed and fastened case” that is like a gunbox or a securely tied package","Restricted",100.227,"In her purse","","No legal education or work experience","Liberal/Democrat","In her purse",1
"R_7CPK6li43C6CzTC",2,"baseline","Any “harm” including a skin rash resulting from neglect","Broad",51.039,"Orca","","No legal education or work experience","Liberal/Democrat","Orca",1
"R_6QIM6ZnlqKRDQ65",6,"phrasal","“Waste” that could attract animals like food or drinks","Restricted",48.15,"At the campground","","No legal education or work experience","Liberal/Democrat","At the campground",1
"R_7J8HD08Dg2bhhyi",5,"phrasal","A highly secure “closed and fastened case” that is like a gunbox or a securely tied package","Restricted",48.22,"In her purse","","No legal education or work experience","Liberal/Democrat","In her purse",1
"R_19TqT2OkQiKAjbH",2,"simple","Any “harm” including a skin rash resulting from neglect","Broad",51.815,"Orca","Support these regulations","No legal education or work experience","Liberal/Democrat","Orca",1
"R_5fxlvGviLWQxyGR",6,"baseline","Any “waste” including used gift-wrapping paper","Broad",19.935,"At the campground","","No legal education or work experience","Liberal/Democrat","At the campground",1
"R_1EtlJnTwpFL813p",12,"simple","Any “vehicle” including a bicycle","Broad",33.662,"Bicycle","","No legal education or work experience","Conservative/Republican","Bicycle",1
"R_7IbVM3BNVFgMoxx",9,"baseline","Any “sign” including a happy birthday banner","Broad",14.578,"Sales","I didn't pay attention to what department the employee works in because it was irrelevant to the question about whether the rule was being followed. So I'm sorry if I got that question wrong.","No legal education or work experience","Progressive (most liberal)","IT",0
"R_1R1BvEIjrQmuCc8",10,"baseline","Loud “machines” like washers or dryers","Restricted",30.682,"Sewing machine","","No legal education or work experience","Conservative/Republican","Sewing machine",1
"R_3LpqC2VUSNpypu6",3,"phrasal","Any “clinic” including a wellness spa","Broad",39.038,"Gun","no feedback to offer","No legal education or work experience","Liberal/Democrat","Gun",1
"R_7prp2sf9tESljlM",9,"simple","Any “sign” including a happy birthday banner","Broad",19.019,"IT","","No legal education or work experience","Liberal/Democrat","IT",1
"R_5I3FmKCCUWGv5x4",7,"baseline","Any “detailed representations” including an intricate painting","Broad",28.942,"Joe","","No legal education or work experience","Lean Liberal","Joshua",0
"R_7igOxyibMmJaVTF",2,"simple","Direct, intentional “harms” that are like hunting and shooting","Restricted",14.674,"Orca","Good luck with your research!","Licensed attorney","Conservative/Republican","Orca",1
"R_5wEpAvTYU7MbdMs",9,"simple","Any “sign” including a happy birthday banner","Broad",23.98,"IT","","No legal education or work experience","Liberal/Democrat","IT",1
"R_5SJ1tv8Xfk7P9wa",10,"baseline","Any “machine” including a small sewing machine","Broad",60.449,"Sewing machine","","Some law-related coursework","Liberal/Democrat","Sewing machine",1
"R_7N3mzPDV1k0dsdV",8,"baseline","Any “tank” including a fish tank","Broad",55.075,"An aquarium","","No legal education or work experience","Liberal/Democrat","An aquarium",1
"R_7DUGW78yvFD5NW0",2,"phrasal","Any “harm” including a skin rash resulting from neglect","Broad",76.417,"Orca","","No legal education or work experience","Liberal/Democrat","Orca",1
"R_5GuHrUWCnwlWUmJ",2,"simple","Any “harm” including a skin rash resulting from neglect","Broad",26.298,"Orca","","No legal education or work experience","Progressive (most liberal)","Orca",1
"R_6o0VlYmYBe8Eq3N",6,"simple","Any “waste” including used gift-wrapping paper","Broad",58.946,"At the campground","","Some law-related coursework","Moderate/Centrist","At the campground",1
"R_11ilxa0fbRvKjzA",2,"baseline","Any “harm” including a skin rash resulting from neglect","Broad",25.086,"Orca","","No legal education or work experience","Liberal/Democrat","Orca",1
"R_6AqSAEfe1EG5wL7",4,"baseline","Any “relinquishment” including a temporary lease","Broad",36.048,"Power plant","N/A","No legal education or work experience","Conservative/Republican","Power plant",1
"R_69cndXqkb1ZU9IB",7,"baseline","Any “detailed representations” including an intricate painting","Broad",30.275,"Joshua","","No legal education or work experience","Liberal/Democrat","Joshua",1
"R_7CIjilp6JlWox1r",6,"simple","Any “waste” including used gift-wrapping paper","Broad",29.839,"At the campground","My first thought was that the rule applied to only after one checked out of the campsite","No legal education or work experience","Lean Liberal","At the campground",1
"R_52lEeJxXmvOdZr7",7,"baseline","Any “detailed representations” including an intricate painting","Broad",44.397,"Joshua","sometimes the rules are fuzzy","No legal education or work experience","Liberal/Democrat","Joshua",1
"R_7rlHAbS3mBgTVA0",7,"phrasal","Any “detailed representations” including an intricate painting","Broad",42.738,"Joshua","It was clear and easy to follow, question were open.","No legal education or work experience","Liberal/Democrat","Joshua",1
"R_7RjAE5HFdArVl6H",8,"phrasal","Any “tank” including a fish tank","Broad",74.118,"An aquarium","","No legal education or work experience","Liberal/Democrat","An aquarium",1
"R_5OaKEo1CIPRyaLT",5,"baseline","A highly secure “closed and fastened case” that is like a gunbox or a securely tied package","Restricted",53.401,"In her purse","n/a","No legal education or work experience","Liberal/Democrat","In her purse",1
"R_5O222DwsFpxLlzr",5,"baseline","Any kind of “closed and fastened case” including a purse","Broad",13.468,"In her purse","","Some law-related coursework","Liberal/Democrat","In her purse",1
"R_1s0b0h5d6XscDR4",9,"simple","Any “sign” including a happy birthday banner","Broad",43.011,"IT","","No legal education or work experience","Progressive (most liberal)","IT",1
"R_5k1Ur9oHAfCeR4G",4,"simple","Permanent “relinquishment” which is like abandoning or demolishing","Restricted",42.791,"Power plant","I enjoyed the study.","No legal education or work experience","Liberal/Democrat","Power plant",1
"R_1UR7ebpeF3XwGTn",1,"phrasal","Any “educational benefit” including a housing subsidy paid to the student’s landlord","Broad",80.078,"Housing subsidy","None","No legal education or work experience","Lean Conservative","Housing subsidy",1
"R_6MWmdAkglF5z7j5",10,"simple","Any “machine” including a small sewing machine","Broad",88.788,"Sewing machine","N/A ","No legal education or work experience","Progressive (most liberal)","Sewing machine",1
"R_5qjFhcY3RaY67q6",11,"phrasal","Any “electronic devices” including a small battery-power fan","Broad",118.685,"Nicholas","","No legal education or work experience","Conservative/Republican","Nicholas",1
"R_6IodyGutCm5FxkA",7,"phrasal","Any “detailed representations” including an intricate painting","Broad",54.652,"Joshua","","Legal work experience but no law degree","Lean Liberal","Joshua",1
"R_6AKCFfJD4G6fd4h",4,"phrasal","Permanent “relinquishment” which is like abandoning or demolishing","Restricted",58.937,"Power plant","","No legal education or work experience","Progressive (most liberal)","Power plant",1
"R_3bS2SlQ6YIHnE2d",1,"simple","Any “educational benefit” including a housing subsidy paid to the student’s landlord","Broad",76.572,"Housing subsidy","none thank you!!","No legal education or work experience","Conservative/Republican","Housing subsidy",1
"R_6Yr1A5fxe1OMOhw",12,"simple","“Vehicles” with engines like cars or trucks","Restricted",38.481,"Bicycle","","No legal education or work experience","Liberal/Democrat","Bicycle",1
"R_5m6Fzxrzvry29mV",10,"phrasal","Any “machine” including a small sewing machine","Broad",80.772,"Sewing machine","No","No legal education or work experience","Lean Liberal","Sewing machine",1
"R_1fjkcXKfUSGIS1K",3,"phrasal","Any “clinic” including a wellness spa","Broad",26.229,"Gun","","No legal education or work experience","Liberal/Democrat","Gun",1
"R_6OK7kQlylU79jfw",6,"phrasal","Any “waste” including used gift-wrapping paper","Broad",20.242,"At the campground","","No legal education or work experience","Liberal/Democrat","At the campground",1
"R_1SxC1jzI8KH4EUz",12,"baseline","“Vehicles” with engines like cars or trucks","Restricted",22.518,"Bicycle","","No legal education or work experience","Liberal/Democrat","Bicycle",1
"R_7O0JYblXJaWRasC",10,"phrasal","Any “machine” including a small sewing machine","Broad",33.904,"Sewing machine","","No legal education or work experience","Conservative/Republican","Sewing machine",1
"R_1WD8fn0MyEVDUZz",10,"simple","Any “machine” including a small sewing machine","Broad",37.079,"Sewing machine","","No legal education or work experience","Liberal/Democrat","Sewing machine",1
"R_3gO9OcenWjhOcGY",8,"simple","Any “tank” including a fish tank","Broad",33.411,"An aquarium","","Some law-related coursework","Progressive (most liberal)","An aquarium",1
"R_53szTWChY5rNLfX",6,"baseline","Any “waste” including used gift-wrapping paper","Broad",36.515,"At the campground","","No legal education or work experience","Lean Conservative","At the campground",1
"R_3FJ0oLCfTdPZFgX",11,"simple","Digital “electronic devices” like phones or tablets","Restricted",25.499,"Nicholas","","No legal education or work experience","Liberal/Democrat","Nicholas",1
"R_648iYI0hVMGKqu5",12,"baseline","“Vehicles” with engines like cars or trucks","Restricted",19.187,"Bicycle","none","No legal education or work experience","Lean Liberal","Bicycle",1
"R_6Ej8dcnaNFuBWlj",2,"simple","Any “harm” including a skin rash resulting from neglect","Broad",23.7,"Orca","","No legal education or work experience","Right-wing (most conservative)","Orca",1
"R_3Jr5YRZFR5sFPxA",9,"baseline","Any “sign” including a happy birthday banner","Broad",13.613,"Sales","","No legal education or work experience","Liberal/Democrat","IT",0
"R_3eRoAIDc9Vxishm",6,"simple","Any “waste” including used gift-wrapping paper","Broad",35.677,"At the campground","","No legal education or work experience","Moderate/Centrist","At the campground",1
"R_3IPapZonewA3Tnb",1,"baseline","Any “educational benefit” including a housing subsidy paid to the student’s landlord","Broad",35.971,"Housing subsidy","na","Some law-related coursework","Moderate/Centrist","Housing subsidy",1
"R_673VqL5cWoASzlv",2,"phrasal","Any “harm” including a skin rash resulting from neglect","Broad",29.792,"Orca","","No legal education or work experience","Conservative/Republican","Orca",1
"R_5Hi3plelfXsmRZl",3,"phrasal","Any “clinic” including a wellness spa","Broad",18.71,"Gun","","No legal education or work experience","Lean Liberal","Gun",1
"R_14J0GDjewq7md0c",10,"baseline","Any “machine” including a small sewing machine","Broad",33.781,"Sewing machine","","No legal education or work experience","Conservative/Republican","Sewing machine",1
"R_5CTWE2bRW1QvUMN",11,"phrasal","Digital “electronic devices” like phones or tablets","Restricted",45.904,"Nicholas","","No legal education or work experience","Conservative/Republican","Nicholas",1
"R_54zX0pcfYhez0Fu",1,"phrasal","Any “educational benefit” including a housing subsidy paid to the student’s landlord","Broad",58.497,"Housing subsidy","N/A","No legal education or work experience","Liberal/Democrat","Housing subsidy",1
"R_7MWDeS7BJ90qWZg",5,"phrasal","Any kind of “closed and fastened case” including a purse","Broad",18.959,"In her purse","","No legal education or work experience","Conservative/Republican","In her purse",1
"R_5niTGpqUnztGMqe",1,"phrasal","Any “educational benefit” including a housing subsidy paid to the student’s landlord","Broad",30.446,"Housing subsidy","","No legal education or work experience","Moderate/Centrist","Housing subsidy",1
"R_7g4Kw3kVOWVU9AR",9,"phrasal","Any “sign” including a happy birthday banner","Broad",43.032,"Sales","","No legal education or work experience","Conservative/Republican","IT",0
"R_3pGRYO07gSkNDqC",2,"phrasal","Direct, intentional “harms” that are like hunting and shooting","Restricted",39.877,"Orca","i think extreme neglect, like leading to starvation or death would count, but not a tank cleaning","No legal education or work experience","Progressive (most liberal)","Orca",1
"R_5gB0c4dcWPjoMd8",7,"simple","Any “detailed representations” including an intricate painting","Broad",149.457,"Joshua","","No legal education or work experience","Right-wing (most conservative)","Joshua",1
"R_57dOUBApyUXcyFQ",11,"baseline","Digital “electronic devices” like phones or tablets","Restricted",18.623,"Nicholas","","No legal education or work experience","Moderate/Centrist","Nicholas",1
"R_7TGHEIQHqxxFog1",5,"baseline","Any kind of “closed and fastened case” including a purse","Broad",36.255,"In her purse","","No legal education or work experience","Conservative/Republican","In her purse",1
"R_5riWFWa8or5YG34",5,"simple","Any kind of “closed and fastened case” including a purse","Broad",36.564,"In her purse","Since it listed ""or a fastened case"" and it was in a fastened case it shouldn't be seen as violating the law","Some law-related coursework","Moderate/Centrist","In her purse",1
"R_326ogG22Bj4LTJT",7,"baseline","Any “detailed representations” including an intricate painting","Broad",40.838,"Joshua","","No legal education or work experience","Lean Liberal","Joshua",1
"R_7IbGWpspnAljdkt",1,"simple","“Educational benefits” like stipends and salaries that go into the student’s pocket","Restricted",36.896,"Housing subsidy","No further comment","No legal education or work experience","Conservative/Republican","Housing subsidy",1
"R_5Pu0YptOoGPY1Xf",3,"baseline","Medical “clinics” that are like hospitals or urgent care centers","Restricted",15.728,"Gun","","No legal education or work experience","Progressive (most liberal)","Gun",1
"R_3rU9T1ZWnLjkvQt",6,"baseline","Any “waste” including used gift-wrapping paper","Broad",38.996,"At the campground","","Some law-related coursework","Liberal/Democrat","At the campground",1
"R_5f7IxxEYwCJw34E",10,"baseline","Loud “machines” like washers or dryers","Restricted",59.451,"Sewing machine","","Licensed attorney","Progressive (most liberal)","Sewing machine",1
"R_7CKHnKivNOyvdrX",4,"simple","Any “relinquishment” including a temporary lease","Broad",83.763,"Power plant","","Other (please specify)","Moderate/Centrist","Power plant",1
"R_5gUfF5Ej16BhbW2",1,"simple","“Educational benefits” like stipends and salaries that go into the student’s pocket","Restricted",45.736,"Housing subsidy","","No legal education or work experience","Moderate/Centrist","Housing subsidy",1
"R_7drU7n7Sb9eSfzh",9,"phrasal","Promotional “signs” like advertisements or flyers","Restricted",36.057,"IT","","No legal education or work experience","Lean Conservative","IT",1
"R_5DTg3gGVFHlNOeG",5,"simple","A highly secure “closed and fastened case” that is like a gunbox or a securely tied package","Restricted",27.251,"In her purse","Thank you! ","No legal education or work experience","Moderate/Centrist","In her purse",1
"R_3Mzl0ZqvVmEUFYL",3,"baseline","Medical “clinics” that are like hospitals or urgent care centers","Restricted",20.715,"Gun","no comments","No legal education or work experience","Lean Conservative","Gun",1
"R_6UtoiFrFi3BBLFL",4,"baseline","Any “relinquishment” including a temporary lease","Broad",23.491,"Waste disposal","thank you!","No legal education or work experience","Lean Conservative","Power plant",0
"R_5CqZGWZGzqdOIrp",3,"simple","Any “clinic” including a wellness spa","Broad",31.285,"Gun","Not every wellness spa is a medical clinic, but some are. If this clinic has physical therapy, then there is most likely a healthcare organization standard that the spa needs to abide by, with certified medical practitioners. Med-spas are absolutely under the category of medical clinics and should be treated like such.","No legal education or work experience","Moderate/Centrist","Gun",1
"R_3f7woYyQxTj8koN",11,"baseline","Any “electronic devices” including a small battery-power fan","Broad",22.755,"Nicholas","","Some law-related coursework","Lean Liberal","Nicholas",1
"R_1OKdzcCCLVSfMos",10,"phrasal","Any “machine” including a small sewing machine","Broad",23.642,"Sewing machine","","Other (please specify)","Liberal/Democrat","Sewing machine",1
"R_6xWQv6HM1j13I3r",11,"baseline","Any “electronic devices” including a small battery-power fan","Broad",11.65,"Anne","no comments","No legal education or work experience","Conservative/Republican","Nicholas",0
"R_7ptoICGM7pI56VT",7,"phrasal","Any “detailed representations” including an intricate painting","Broad",38.457,"Joshua","","No legal education or work experience","Moderate/Centrist","Joshua",1
"R_5qeY49xp4fRMG2A",11,"simple","Digital “electronic devices” like phones or tablets","Restricted",14.361,"Nicholas","Technically the fan is electronic but it seems to be a very strict rule and meant more to stop phone/computer use.","No legal education or work experience","Conservative/Republican","Nicholas",1
"R_1M47zInrR8735a9",1,"phrasal","Any “educational benefit” including a housing subsidy paid to the student’s landlord","Broad",58.07,"Housing subsidy","","Some law-related coursework","Lean Conservative","Housing subsidy",1
"R_55I4oRJTCjklQDD",12,"phrasal","Any “vehicle” including a bicycle","Broad",26.773,"Bicycle","","No legal education or work experience","Moderate/Centrist","Bicycle",1
"R_5IgeBkpCGD5ILeN",12,"simple","“Vehicles” with engines like cars or trucks","Restricted",24.409,"Bicycle","","No legal education or work experience","Conservative/Republican","Bicycle",1
"R_7uNEmulebNkCPCN",2,"baseline","Any “harm” including a skin rash resulting from neglect","Broad",40.739,"Orca","","Some law-related coursework","Liberal/Democrat","Orca",1
"R_5VegJxZduP2BOl8",1,"simple","Any “educational benefit” including a housing subsidy paid to the student’s landlord","Broad",97.573,"Housing subsidy","","Current law student","Liberal/Democrat","Housing subsidy",1
"R_5D5XJ38YmJQEIFF",10,"phrasal","Any “machine” including a small sewing machine","Broad",42.146,"Sewing machine","","No legal education or work experience","Conservative/Republican","Sewing machine",1
"R_5qezgHOTDKFncry",5,"phrasal","A highly secure “closed and fastened case” that is like a gunbox or a securely tied package","Restricted",29.481,"In her purse","","No legal education or work experience","Liberal/Democrat","In her purse",1
"R_537NZvgkxJjxK6v",7,"simple","Any “detailed representations” including an intricate painting","Broad",51.643,"Joshua","Nothing at this time.","No legal education or work experience","Lean Conservative","Joshua",1
"R_3qfIMsbodYLJevF",4,"simple","Permanent “relinquishment” which is like abandoning or demolishing","Restricted",48.874,"Power plant","","No legal education or work experience","Conservative/Republican","Power plant",1
"R_3Cd0rxy3AFRyamo",9,"simple","Any “sign” including a happy birthday banner","Broad",48.548,"IT","","No legal education or work experience","Liberal/Democrat","IT",1
"R_37DWuNVoueWzW0J",2,"phrasal","Any “harm” including a skin rash resulting from neglect","Broad",27.16,"Orca","","Some law-related coursework","Conservative/Republican","Orca",1
"R_5Qg95geAoGyPz78",11,"simple","Digital “electronic devices” like phones or tablets","Restricted",22.074,"Nicholas","","Some law-related coursework","Conservative/Republican","Nicholas",1
"R_5X1hn0BLrz3jKTv",12,"baseline","“Vehicles” with engines like cars or trucks","Restricted",13.834,"Bicycle","no comments
","No legal education or work experience","Conservative/Republican","Bicycle",1
"R_5pM5kf2u6PwAmdW",4,"simple","Permanent “relinquishment” which is like abandoning or demolishing","Restricted",77.088,"Power plant","Thank you for allowing me to participate.","No legal education or work experience","Lean Liberal","Power plant",1
"R_5C796wuMYCBlMLx",3,"simple","Medical “clinics” that are like hospitals or urgent care centers","Restricted",12.004,"Gun","I found the scenario interesting and clear. ","No legal education or work experience","Conservative/Republican","Gun",1
"R_61liPWZATKis5X3",4,"phrasal","Any “relinquishment” including a temporary lease","Broad",37.958,"Power plant","no comments","No legal education or work experience","Moderate/Centrist","Power plant",1
"R_1QZlznJ07kowGtP",4,"baseline","Permanent “relinquishment” which is like abandoning or demolishing","Restricted",32.472,"Power plant","This is fascinating to me because I love words and language. If Ashley leases the power plant but still owns it, there has been no relinquishment.","No legal education or work experience","Liberal/Democrat","Power plant",1
"R_6lxXwI8FCqXsBGC",12,"phrasal","“Vehicles” with engines like cars or trucks","Restricted",72.092,"Bicycle","","No legal education or work experience","Lean Conservative","Bicycle",1
"R_5OoerSEhQxgklFO",8,"baseline","Any “tank” including a fish tank","Broad",50.165,"A pet store","","Some law-related coursework","Conservative/Republican","An aquarium",0
"R_6Nt7vQWixaQBpC0",1,"baseline","Any “educational benefit” including a housing subsidy paid to the student’s landlord","Broad",68.905,"Housing subsidy","N/A","Some law-related coursework","Lean Liberal","Housing subsidy",1
"R_5hi9yDFnGBYAvtv",7,"phrasal","Any “detailed representations” including an intricate painting","Broad",51.91,"Joshua","It did say it was an INTRICATE depiction of the building>","No legal education or work experience","Right-wing (most conservative)","Joshua",1
"R_7f2xsNlA8htFrW1",2,"simple","Any “harm” including a skin rash resulting from neglect","Broad",20.492,"Orca","I would hope Jessica's neglect of the orca subjected her to legal consequences under animal cruelty statutes if nothing else.","Legal work experience but no law degree","Liberal/Democrat","Orca",1
"R_6WOMMDoREd3SMii",11,"simple","Digital “electronic devices” like phones or tablets","Restricted",30.689,"Nicholas","","No legal education or work experience","Moderate/Centrist","Nicholas",1
"R_3o0GZRsdi2q5bvA",3,"phrasal","Medical “clinics” that are like hospitals or urgent care centers","Restricted",37.365,"Gun","n/a","No legal education or work experience","Liberal/Democrat","Gun",1
"R_1r94MocUEKhsyCo",6,"phrasal","Any “waste” including used gift-wrapping paper","Broad",29.026,"At the campground","","No legal education or work experience","Liberal/Democrat","At the campground",1
"R_3LYcnPzD5X7gsDq",12,"simple","“Vehicles” with engines like cars or trucks","Restricted",18.85,"Bicycle","It was interesting ","No legal education or work experience","Right-wing (most conservative)","Bicycle",1
"R_6eVnXdiiZWLUH7h",6,"baseline","“Waste” that could attract animals like food or drinks","Restricted",10.518,"At the campground","None really ","Legal work experience but no law degree","Progressive (most liberal)","At the campground",1
"R_3jZp9k39X1sr9pH",6,"simple","Any “waste” including used gift-wrapping paper","Broad",26.53,"At the campground","I have no comments or feedback to give on this study.","No legal education or work experience","Moderate/Centrist","At the campground",1
"R_50qJDgD0o8pAELk",4,"phrasal","Any “relinquishment” including a temporary lease","Broad",44.56,"Power plant","","No legal education or work experience","Moderate/Centrist","Power plant",1
"R_61zbrKFBK9lql04",12,"phrasal","“Vehicles” with engines like cars or trucks","Restricted",45.357,"Bicycle","","Legal work experience but no law degree","Liberal/Democrat","Bicycle",1
"R_6EsI4z3yXTrR106",1,"baseline","“Educational benefits” like stipends and salaries that go into the student’s pocket","Restricted",42.171,"Housing subsidy","","No legal education or work experience","Conservative/Republican","Housing subsidy",1
"R_1cAdVKipHBUVaI3",11,"phrasal","Any “electronic devices” including a small battery-power fan","Broad",55.687,"Nicholas","all are clear","No legal education or work experience","Conservative/Republican","Nicholas",1
"R_1fs9wc6bfqYJo5R",10,"baseline","Loud “machines” like washers or dryers","Restricted",11.84,"Sewing machine","n/a","No legal education or work experience","Lean Conservative","Sewing machine",1
"R_7etpgmUWCLoyAXo",3,"baseline","Medical “clinics” that are like hospitals or urgent care centers","Restricted",37.697,"Gun","","No legal education or work experience","Progressive (most liberal)","Gun",1
"R_54oqiMAQlbb1g3S",10,"simple","Any “machine” including a small sewing machine","Broad",25.169,"Sewing machine","","No legal education or work experience","Right-wing (most conservative)","Sewing machine",1
"R_3BVjXGeoSZ89p8R",8,"phrasal","Any “tank” including a fish tank","Broad",44.357,"An aquarium","I have no other feedback to share about this study.","No legal education or work experience","Liberal/Democrat","An aquarium",1
"R_3UIUGE2IgAP4hs5",12,"simple","“Vehicles” with engines like cars or trucks","Restricted",24.601,"Bicycle","I think the use of the word “vehicle” is definitely a bit vague. Maybe adding motor vehicle would be much more accurate, I guess technically a bike or scooter could be counted but then where would we define something as a vehicle based on mode of transportation. Would you consider a stroller a vehicle for instance? Honestly interesting question.","No legal education or work experience","Moderate/Centrist","Bicycle",1
"R_1wvtSaQcBZgjZdy",7,"baseline","Any “detailed representations” including an intricate painting","Broad",38.646,"Joshua","n/a","No legal education or work experience","Progressive (most liberal)","Joshua",1
"R_5FA26NpFzrlNUwS",4,"simple","Any “relinquishment” including a temporary lease","Broad",61.517,"Power plant","","No legal education or work experience","Progressive (most liberal)","Power plant",1
"R_5EObonB2mRTnIKR",6,"phrasal","Any “waste” including used gift-wrapping paper","Broad",36.347,"At the campground","","Legal work experience but no law degree","Conservative/Republican","At the campground",1
"R_6TLfQ3fw6jlErNS",11,"phrasal","Digital “electronic devices” like phones or tablets","Restricted",39.024,"William","","No legal education or work experience","Liberal/Democrat","Nicholas",0
"R_6Sq83LpdrQ7s6pN",8,"baseline","Utility “tanks” like fuel storage or septic systems","Restricted",83.513,"A pet store","","No legal education or work experience","Lean Conservative","An aquarium",0
"R_5VkQeshWwNsJZLj",2,"phrasal","Any “harm” including a skin rash resulting from neglect","Broad",23.525,"Orca","","No legal education or work experience","Progressive (most liberal)","Orca",1
"R_1l3JWvwwdT5CghA",6,"baseline","“Waste” that could attract animals like food or drinks","Restricted",27.585,"At the campground","none","No legal education or work experience","Liberal/Democrat","At the campground",1
"R_51hm0TYS7JxRyCh",3,"baseline","Any “clinic” including a wellness spa","Broad",128.789,"Gun","","No legal education or work experience","Progressive (most liberal)","Gun",1
"R_1phUHP8wzFMnSow",5,"baseline","A highly secure “closed and fastened case” that is like a gunbox or a securely tied package","Restricted",20.69,"In her purse","","Some law-related coursework","Lean Conservative","In her purse",1
"R_5o58GREFnbRZpsJ",5,"phrasal","Any kind of “closed and fastened case” including a purse","Broad",99.154,"In her purse","I would think that because of the somewhat vague wording of the law, that an attorney would be able to argue that a purse is a closed and fastened case.","No legal education or work experience","Moderate/Centrist","In her purse",1
"R_6hzm6smEWvmssO4",8,"phrasal","Any “tank” including a fish tank","Broad",50.927,"An aquarium","","No legal education or work experience","Conservative/Republican","An aquarium",1
"R_1MJLUL0QkeLScew",5,"phrasal","Any kind of “closed and fastened case” including a purse","Broad",101.201,"In her purse","","No legal education or work experience","Liberal/Democrat","In her purse",1
"R_6NrW8etpajqAR0m",1,"simple","“Educational benefits” like stipends and salaries that go into the student’s pocket","Restricted",36.336,"Housing subsidy","","No legal education or work experience","Moderate/Centrist","Housing subsidy",1
"R_5ksMFme96IfyEQ9",3,"simple","Any “clinic” including a wellness spa","Broad",55.392,"Gun","","No legal education or work experience","Moderate/Centrist","Gun",1
"R_3fvLW2ROlHEeZVv",11,"phrasal","Any “electronic devices” including a small battery-power fan","Broad",18.562,"Nicholas","","No legal education or work experience","Liberal/Democrat","Nicholas",1
"R_1EidgHU5KSpbxSb",4,"baseline","Any “relinquishment” including a temporary lease","Broad",40.437,"Power plant","","No legal education or work experience","Lean Conservative","Power plant",1
"R_529fvOktLmYMK2L",9,"phrasal","Any “sign” including a happy birthday banner","Broad",40.642,"IT","","No legal education or work experience","Conservative/Republican","IT",1
"R_7QVMu6wQBZPBaso",6,"simple","Any “waste” including used gift-wrapping paper","Broad",97.927,"At the campground","","No legal education or work experience","Liberal/Democrat","At the campground",1
"R_53Wvo7Q57pzr1BL",1,"phrasal","“Educational benefits” like stipends and salaries that go into the student’s pocket","Restricted",28.749,"Housing subsidy","None","Some law-related coursework","Liberal/Democrat","Housing subsidy",1
"R_5usPrnatL4zXZEB",12,"phrasal","“Vehicles” with engines like cars or trucks","Restricted",22.287,"Bicycle","","No legal education or work experience","Liberal/Democrat","Bicycle",1
"R_7NA4ifg4wI5oyxb",8,"baseline","Any “tank” including a fish tank","Broad",21.364,"An aquarium","I answered the question based on how it was posed in relation to the scenario.  Personally I think the ordinance would have pertained to utility tanks, not a fish tank.  ","No legal education or work experience","Conservative/Republican","An aquarium",1
"R_7I16cfjc5ubzcul",3,"phrasal","Any “clinic” including a wellness spa","Broad",27.918,"Gun","","Legal work experience but no law degree","Liberal/Democrat","Gun",1
"R_6wulCKhHWg3iBsD",2,"simple","Direct, intentional “harms” that are like hunting and shooting","Restricted",45.584,"Orca","","No legal education or work experience","Lean Conservative","Orca",1
"R_3eQpeqQyol0SMnF",7,"phrasal","Any “detailed representations” including an intricate painting","Broad",44.655,"Bill","none","No legal education or work experience","Lean Liberal","Joshua",0
"R_5CMpScRAs9nSUBH",10,"phrasal","Any “machine” including a small sewing machine","Broad",25.741,"Sewing machine","","No legal education or work experience","Liberal/Democrat","Sewing machine",1
"R_5mJgJMame8qgSvg",12,"baseline","“Vehicles” with engines like cars or trucks","Restricted",25.043,"Bicycle","","No legal education or work experience","Liberal/Democrat","Bicycle",1
"R_6MLhSfNLDvVsTXL",10,"simple","Any “machine” including a small sewing machine","Broad",26.467,"Sewing machine","","No legal education or work experience","Liberal/Democrat","Sewing machine",1
"R_1QSfFEZfUjMkdot",5,"simple","Any kind of “closed and fastened case” including a purse","Broad",32.256,"In her purse","Interesting study, thank you.","No legal education or work experience","Liberal/Democrat","In her purse",1
"R_1uXdusEIjJNfC5r",4,"phrasal","Any “relinquishment” including a temporary lease","Broad",165.859,"Power plant","","No legal education or work experience","Progressive (most liberal)","Power plant",1
"R_5ivPcxJ6wcInnb0",5,"baseline","A highly secure “closed and fastened case” that is like a gunbox or a securely tied package","Restricted",21.432,"In her purse","","No legal education or work experience","Conservative/Republican","In her purse",1
"R_69hsAIWq09QQNhI",12,"simple","“Vehicles” with engines like cars or trucks","Restricted",20.025,"Bicycle","I have no feedback to provide ","No legal education or work experience","Moderate/Centrist","Bicycle",1
"R_5NRn36V6eJi9oHS",8,"baseline","Utility “tanks” like fuel storage or septic systems","Restricted",31.005,"An aquarium","","No legal education or work experience","Lean Liberal","An aquarium",1
"R_5nr9JbCXYJ8JIFb",9,"baseline","Promotional “signs” like advertisements or flyers","Restricted",20.415,"IT","","No legal education or work experience","Liberal/Democrat","IT",1
"R_355Vk0A9jxtpGEx",1,"baseline","Any “educational benefit” including a housing subsidy paid to the student’s landlord","Broad",128.028,"Housing subsidy","","No legal education or work experience","Lean Liberal","Housing subsidy",1
"R_6KptvLez8eCp2L6",2,"baseline","Any “harm” including a skin rash resulting from neglect","Broad",64.663,"Orca","","No legal education or work experience","Progressive (most liberal)","Orca",1
"R_5jvua1NOGv9CTpF",5,"simple","Any kind of “closed and fastened case” including a purse","Broad",17.057,"In her purse","","No legal education or work experience","Progressive (most liberal)","In her purse",1
"R_3GZl2TWdgaUvNuG",5,"phrasal","Any kind of “closed and fastened case” including a purse","Broad",52.059,"In her purse","","No legal education or work experience","Moderate/Centrist","In her purse",1
"R_1lFaI8U27kC7Nlj",2,"baseline","Any “harm” including a skin rash resulting from neglect","Broad",29.07,"Orca","","Some law-related coursework","Lean Liberal","Orca",1
"R_7hmW6MxPdOTYPgB",8,"phrasal","Any “tank” including a fish tank","Broad",55.58,"An aquarium","","No legal education or work experience","Progressive (most liberal)","An aquarium",1
"R_3qEEheKzAVGyh8V",9,"simple","Promotional “signs” like advertisements or flyers","Restricted",16.271,"IT","","No legal education or work experience","Liberal/Democrat","IT",1
"R_6I9vtoWls7VAlQD",8,"phrasal","Any “tank” including a fish tank","Broad",57.844,"An aquarium","it was good experience.","No legal education or work experience","Moderate/Centrist","An aquarium",1
"R_6xZV3TKoau7oAnf",10,"baseline","Loud “machines” like washers or dryers","Restricted",16.704,"Sewing machine","","No legal education or work experience","Moderate/Centrist","Sewing machine",1
"R_70Jg1oRuerfjC17",1,"simple","Any “educational benefit” including a housing subsidy paid to the student’s landlord","Broad",47.279,"Housing subsidy","","No legal education or work experience","Liberal/Democrat","Housing subsidy",1
"R_5hu5zXPuYqo6ufi",10,"simple","Any “machine” including a small sewing machine","Broad",34.795,"Sewing machine","thank you","No legal education or work experience","Moderate/Centrist","Sewing machine",1
"R_32nyQPTjlIqAoRk",2,"simple","Any “harm” including a skin rash resulting from neglect","Broad",47.08,"Orca","","Some law-related coursework","Moderate/Centrist","Orca",1
"R_7YVRDg6leH7dX8t",10,"simple","Any “machine” including a small sewing machine","Broad",59.147,"Sewing machine","Being that the building rules is that you can't use any machines (and didn't specify on any exceptions), I figured the sewing machine is included.","No legal education or work experience","Lean Liberal","Sewing machine",1
"R_5Ey1kQsGOBcQXvN",6,"phrasal","Any “waste” including used gift-wrapping paper","Broad",90.355,"At the campground","The reason why I felt he still broke the rules even through the gift wrapping is not food is because it could blow away and cause litter if they don’t collect it all and some animals may still be attracted to the wrapping paper.","Some law-related coursework","Progressive (most liberal)","At the campground",1
"R_61tGfwUTlCWvGbp",8,"baseline","Any “tank” including a fish tank","Broad",366.507,"An aquarium","","No legal education or work experience","Lean Liberal","An aquarium",1
"R_6Bb7yxRruZj0ZeH",9,"baseline","Any “sign” including a happy birthday banner","Broad",19.559,"IT","Was there an experiment? I was mostly asked about my political background. Yes, I lean left for sure. I lean left for many reasons, but the top one being women's rights. Especially the right to chose.  ","Other (please specify)","Liberal/Democrat","IT",1
"R_3Iahkc99ppTeNBQ",1,"phrasal","Any “educational benefit” including a housing subsidy paid to the student’s landlord","Broad",41.753,"Housing subsidy","I thought it was interesting, and I wonder if it's true.","No legal education or work experience","Liberal/Democrat","Housing subsidy",1
"R_3l07c6keJBKZOpP",1,"baseline","Any “educational benefit” including a housing subsidy paid to the student’s landlord","Broad",35.11,"Housing subsidy","no comments","No legal education or work experience","Lean Conservative","Housing subsidy",1
"R_6OIhksDiWQLZdZ0",6,"simple","Any “waste” including used gift-wrapping paper","Broad",34.621,"At the campground","","No legal education or work experience","Moderate/Centrist","At the campground",1
"R_3phUwTMXAGTrxO6",6,"simple","“Waste” that could attract animals like food or drinks","Restricted",18.861,"At the campground","","No legal education or work experience","Lean Liberal","At the campground",1
"R_3pojQiYLkHhUZRH",6,"phrasal","Any “waste” including used gift-wrapping paper","Broad",24.436,"At the campground","","No legal education or work experience","Moderate/Centrist","At the campground",1
"R_5gGSmORtJ3u0Sat",4,"simple","Any “relinquishment” including a temporary lease","Broad",30.401,"Power plant","No comments","No legal education or work experience","Moderate/Centrist","Power plant",1
"R_5CD3zwyCDzmTYLQ",8,"simple","Any “tank” including a fish tank","Broad",28.96,"A pet store","I feel like it could be a grey area, but it would have been her responsibility to get clarification. ","No legal education or work experience","Moderate/Centrist","An aquarium",0
"R_3MmS9O24zV4metP",4,"baseline","Any “relinquishment” including a temporary lease","Broad",47.951,"Power plant","","No legal education or work experience","Lean Liberal","Power plant",1
"R_7Ca5Mp4kkexHnzI",12,"simple","“Vehicles” with engines like cars or trucks","Restricted",17.585,"Bicycle","","Some law-related coursework","Moderate/Centrist","Bicycle",1
"R_6MATiqxw1vdmZE7",12,"baseline","“Vehicles” with engines like cars or trucks","Restricted",24.786,"Bicycle","interesting take on vehicles ","No legal education or work experience","Conservative/Republican","Bicycle",1
"R_7rAZukm51NgNUrt",5,"baseline","A highly secure “closed and fastened case” that is like a gunbox or a securely tied package","Restricted",20.015,"In her purse","","No legal education or work experience","Lean Conservative","In her purse",1
"R_7LkkrA5pNvVTr9I",4,"baseline","Any “relinquishment” including a temporary lease","Broad",22.685,"Power plant","I think it is simple and straightforward. ","No legal education or work experience","Liberal/Democrat","Power plant",1
"R_6MOmU5OvTJZMFFv",6,"baseline","Any “waste” including used gift-wrapping paper","Broad",25.52,"At the campground","","No legal education or work experience","Progressive (most liberal)","At the campground",1
"R_5JkmwkKmcXk7u4b",8,"simple","Any “tank” including a fish tank","Broad",34.085,"An aquarium","","No legal education or work experience","Right-wing (most conservative)","An aquarium",1
"R_5pWo45L7MPQYAca",7,"phrasal","Any “detailed representations” including an intricate painting","Broad",61.94,"Joshua","","No legal education or work experience","Moderate/Centrist","Joshua",1
"R_6fm12m9fCYCrfX0",11,"baseline","Any “electronic devices” including a small battery-power fan","Broad",22.369,"Nicholas","no comments","No legal education or work experience","Liberal/Democrat","Nicholas",1
"R_7nd5byc1rGJqAy5",8,"simple","Any “tank” including a fish tank","Broad",32.153,"An aquarium","","Some law-related coursework","Moderate/Centrist","An aquarium",1
"R_7SAbBeZSxMX9Ouk",9,"simple","Promotional “signs” like advertisements or flyers","Restricted",12.589,"IT","None","No legal education or work experience","Conservative/Republican","IT",1
"R_62mzNna6x0uq5C9",5,"baseline","A highly secure “closed and fastened case” that is like a gunbox or a securely tied package","Restricted",167.67,"In her purse","Guns should be kept and transported safely to avoid fear and to prevent them from harming their holders and other people","Some law-related coursework","Moderate/Centrist","In her purse",1
"R_6cjdrJ7VYUfj3sB",7,"baseline","Any “detailed representations” including an intricate painting","Broad",72.567,"Joshua","","No legal education or work experience","Liberal/Democrat","Joshua",1
"R_6pfrLFc2XtRvfNf",10,"baseline","Any “machine” including a small sewing machine","Broad",36.315,"Sewing machine","","No legal education or work experience","Conservative/Republican","Sewing machine",1
"R_7OZoB0lFXhBZhTK",8,"phrasal","Any “tank” including a fish tank","Broad",32.258,"A pet store","","No legal education or work experience","Conservative/Republican","An aquarium",0
"R_7GBZeEOjD53Fp9O",9,"phrasal","Any “sign” including a happy birthday banner","Broad",20.68,"IT","","No legal education or work experience","Moderate/Centrist","IT",1
"R_5ToRc9z3zuNvm4i",4,"phrasal","Any “relinquishment” including a temporary lease","Broad",26.444,"Power plant","It was easy to understand and equally as easy to answer.","No legal education or work experience","Right-wing (most conservative)","Power plant",1
"R_6k5VkACzp8XvlfP",2,"simple","Any “harm” including a skin rash resulting from neglect","Broad",23.549,"Orca","Orcas aren’t whales","No legal education or work experience","Moderate/Centrist","Orca",1
"R_7HvlkHtAkRirNr4",1,"baseline","Any “educational benefit” including a housing subsidy paid to the student’s landlord","Broad",78.156,"Housing subsidy","","No legal education or work experience","Right-wing (most conservative)","Housing subsidy",1
"R_7Hq6tp9UELNcGGk",5,"phrasal","A highly secure “closed and fastened case” that is like a gunbox or a securely tied package","Restricted",26.383,"In her purse","","No legal education or work experience","Liberal/Democrat","In her purse",1
"R_7lJGA7Scu7ovYDn",12,"phrasal","“Vehicles” with engines like cars or trucks","Restricted",22.68,"Bicycle","","No legal education or work experience","Conservative/Republican","Bicycle",1
"R_3fcLyBkyNoTT3Ho",2,"baseline","Any “harm” including a skin rash resulting from neglect","Broad",22.9,"Orca","Neglect is still harm, just like not knowing about a law doesn't make you exempt from it","No legal education or work experience","Lean Liberal","Orca",1
"R_7ThzTyPrCNs4Li9",7,"simple","Architectural “detailed representations” like blueprints and technical drawings","Restricted",35.78,"Bill","","No legal education or work experience","Liberal/Democrat","Joshua",0
"R_77OPCiHHPfp5rDq",4,"simple","Permanent “relinquishment” which is like abandoning or demolishing","Restricted",54.308,"Power plant","","No legal education or work experience","Moderate/Centrist","Power plant",1
"R_5I0fBU9VcLJk4QF",4,"phrasal","Permanent “relinquishment” which is like abandoning or demolishing","Restricted",41.791,"Power plant","","Legal work experience but no law degree","Progressive (most liberal)","Power plant",1
"R_7U41QPbR655YCHE",7,"phrasal","Any “detailed representations” including an intricate painting","Broad",32.139,"Joshua","Makes no sense. ","No legal education or work experience","Moderate/Centrist","Joshua",1
"R_60HI4V5h0c0FhMk",8,"baseline","Any “tank” including a fish tank","Broad",79.669,"An aquarium","","No legal education or work experience","Lean Liberal","An aquarium",1
"R_39FxEOrV93sv9KN",5,"simple","A highly secure “closed and fastened case” that is like a gunbox or a securely tied package","Restricted",37.206,"In her purse","","No legal education or work experience","Conservative/Republican","In her purse",1
"R_7GjL3SyXZnT7O29",5,"simple","A highly secure “closed and fastened case” that is like a gunbox or a securely tied package","Restricted",29.874,"In her purse","","No legal education or work experience","Lean Conservative","In her purse",1
"R_38MrO2tZXPDn80W",7,"baseline","Any “detailed representations” including an intricate painting","Broad",42.978,"Joshua","I found it interesting, but very short. ","Some law-related coursework","Liberal/Democrat","Joshua",1
"R_1rP9ySHxCt4kP8B",1,"simple","“Educational benefits” like stipends and salaries that go into the student’s pocket","Restricted",21.791,"Housing subsidy","","No legal education or work experience","Progressive (most liberal)","Housing subsidy",1
"R_7urX1dChxbhfq9j",5,"phrasal","A highly secure “closed and fastened case” that is like a gunbox or a securely tied package","Restricted",36.299,"In her purse","","No legal education or work experience","Lean Liberal","In her purse",1
"R_3JOZMNjwM3H9Gaw",3,"baseline","Medical “clinics” that are like hospitals or urgent care centers","Restricted",42.872,"Gun","","No legal education or work experience","Liberal/Democrat","Gun",1
"R_1WYW4reVNwKdWQg",2,"baseline","Any “harm” including a skin rash resulting from neglect","Broad",14.218,"Orca","","No legal education or work experience","Conservative/Republican","Orca",1
"R_3scHKM6wkhDLxvR",6,"phrasal","Any “waste” including used gift-wrapping paper","Broad",31.038,"At the campground","","No legal education or work experience","Progressive (most liberal)","At the campground",1
"R_6TpaVRja2TxHVy6",7,"simple","Any “detailed representations” including an intricate painting","Broad",25.818,"Joshua","","No legal education or work experience","Progressive (most liberal)","Joshua",1
"R_3Rx1vH25xk7PJEB",7,"simple","Any “detailed representations” including an intricate painting","Broad",63.059,"Joshua","No comments. Thank You.","No legal education or work experience","Moderate/Centrist","Joshua",1
"R_78OGLOSNV11571w",11,"simple","Digital “electronic devices” like phones or tablets","Restricted",46.186,"Nicholas","no thanks best wishes","No legal education or work experience","Conservative/Republican","Nicholas",1
"R_51iTJxM5KMab13K",11,"baseline","Any “electronic devices” including a small battery-power fan","Broad",21.431,"Nicholas","No comments","No legal education or work experience","Liberal/Democrat","Nicholas",1
"R_3e3nOUfqS59JWzT",5,"phrasal","A highly secure “closed and fastened case” that is like a gunbox or a securely tied package","Restricted",48.638,"In her purse","","Some law-related coursework","Liberal/Democrat","In her purse",1
"R_572qKnFffo5K1vX",3,"baseline","Medical “clinics” that are like hospitals or urgent care centers","Restricted",28.468,"Gun","None","No legal education or work experience","Progressive (most liberal)","Gun",1
"R_37P5cOHh1oEGZEd",12,"simple","“Vehicles” with engines like cars or trucks","Restricted",22.69,"Bicycle","","No legal education or work experience","Liberal/Democrat","Bicycle",1
"R_6dDZgW44s9HY31p",2,"phrasal","Any “harm” including a skin rash resulting from neglect","Broad",23.81,"Orca","","Current law student","Liberal/Democrat","Orca",1
"R_11d0jrsmk5Ntx9r",5,"baseline","A highly secure “closed and fastened case” that is like a gunbox or a securely tied package","Restricted",36.859,"In her purse","","No legal education or work experience","Progressive (most liberal)","In her purse",1
"R_6mVj3yjoicvnLJf",12,"phrasal","“Vehicles” with engines like cars or trucks","Restricted",44.144,"Bicycle","","Some law-related coursework","Conservative/Republican","Bicycle",1
"R_7rARZhgwrZhAMXG",9,"simple","Promotional “signs” like advertisements or flyers","Restricted",28.088,"IT","","No legal education or work experience","Progressive (most liberal)","IT",1
"R_7IZBlexAphtIgfc",11,"phrasal","Digital “electronic devices” like phones or tablets","Restricted",43.573,"Nicholas","interesting","No legal education or work experience","Lean Liberal","Nicholas",1
"R_7V7QwI4k81BegCV",7,"baseline","Architectural “detailed representations” like blueprints and technical drawings","Restricted",49.389,"Joe","No feedback :) Thank you!","No legal education or work experience","Progressive (most liberal)","Joshua",0
"R_3Yt7NevFJVRyHxn",2,"simple","Any “harm” including a skin rash resulting from neglect","Broad",28.059,"Orca","","No legal education or work experience","Progressive (most liberal)","Orca",1
"R_6klpgblp15zYzzH",8,"phrasal","Utility “tanks” like fuel storage or septic systems","Restricted",79.208,"An aquarium","","No legal education or work experience","Liberal/Democrat","An aquarium",1
"R_5OHSmOMWb9gSWyn",7,"baseline","Any “detailed representations” including an intricate painting","Broad",62.264,"Joshua","","No legal education or work experience","Liberal/Democrat","Joshua",1
"R_3S3w3j3A0MqIg8e",6,"phrasal","Any “waste” including used gift-wrapping paper","Broad",16.649,"At the campground","","No legal education or work experience","Progressive (most liberal)","At the campground",1
"R_5HzCTCzyL8QCFwg",3,"simple","Medical “clinics” that are like hospitals or urgent care centers","Restricted",198.275,"Gun","","No legal education or work experience","Lean Conservative","Gun",1
"R_3IRJkvY6IJnYmu2",4,"simple","Any “relinquishment” including a temporary lease","Broad",22.656,"Power plant","It was very straightforward and presents two obvious choices.","No legal education or work experience","Progressive (most liberal)","Power plant",1
"R_5PEU8JULfZ6FoXs",1,"phrasal","Any “educational benefit” including a housing subsidy paid to the student’s landlord","Broad",48.353,"Housing subsidy","","No legal education or work experience","Lean Conservative","Housing subsidy",1
"R_7gWhnr3vZvRYxIB",10,"phrasal","Loud “machines” like washers or dryers","Restricted",134.116,"Sewing machine","","No legal education or work experience","Moderate/Centrist","Sewing machine",1
"R_7D1Rb7qg4SRgLD6",11,"phrasal","Any “electronic devices” including a small battery-power fan","Broad",21.515,"Nicholas","If I were this student, I would also not assume that an electric powered fan would be violating those rules. I don't think most people would assume that, so this cafeteria should have been more clear that they mean electric devices beyond smart devices specifically.","No legal education or work experience","Liberal/Democrat","Nicholas",1
"R_3CUpuZXS1UuL72S",3,"simple","Medical “clinics” that are like hospitals or urgent care centers","Restricted",24.263,"Gun","","No legal education or work experience","Moderate/Centrist","Gun",1
"R_53y70dtgt1SL6Df",3,"phrasal","Medical “clinics” that are like hospitals or urgent care centers","Restricted",91.241,"Gun","none","No legal education or work experience","Moderate/Centrist","Gun",1
"R_7eDdfAqk58RJria",3,"simple","Medical “clinics” that are like hospitals or urgent care centers","Restricted",21.294,"Gun","","Some law-related coursework","Conservative/Republican","Gun",1
"R_68VhHRlR4dVfLZD",8,"simple","Utility “tanks” like fuel storage or septic systems","Restricted",168.02,"An aquarium","Interesting to see","No legal education or work experience","Lean Liberal","An aquarium",1
"R_3ixmrFJ9zMTGlxm",12,"baseline","“Vehicles” with engines like cars or trucks","Restricted",28.299,"Bicycle","","No legal education or work experience","Lean Liberal","Bicycle",1
"R_72RxXb6vSzttulS",4,"phrasal","Permanent “relinquishment” which is like abandoning or demolishing","Restricted",46.907,"Power plant","","No legal education or work experience","Moderate/Centrist","Power plant",1
"R_5dSudZUnuMZWAY3",7,"phrasal","Any “detailed representations” including an intricate painting","Broad",30.558,"Joe","","No legal education or work experience","Lean Conservative","Joshua",0
"R_7vA7uHQsV9EeNfb",9,"baseline","Promotional “signs” like advertisements or flyers","Restricted",28.589,"IT","","No legal education or work experience","Progressive (most liberal)","IT",1
"R_5WdvjUwgLLc3V4Z",8,"baseline","Any “tank” including a fish tank","Broad",19.301,"A pet store","","No legal education or work experience","Moderate/Centrist","An aquarium",0
"R_51YNmCFgFZG2y0x",10,"simple","Loud “machines” like washers or dryers","Restricted",40.185,"Sewing machine","","No legal education or work experience","Lean Liberal","Sewing machine",1
"R_7QElhPEjrSHzI4F",11,"simple","Digital “electronic devices” like phones or tablets","Restricted",30.448,"Nicholas","","No legal education or work experience","Conservative/Republican","Nicholas",1
"R_3hETvUvrR1uYXfT",5,"baseline","Any kind of “closed and fastened case” including a purse","Broad",22.407,"In her purse","","No legal education or work experience","Progressive (most liberal)","In her purse",1
"R_52LatnFlw4zagYN",10,"baseline","Any “machine” including a small sewing machine","Broad",33.967,"Sewing machine","","No legal education or work experience","Liberal/Democrat","Sewing machine",1
"R_3GU2NATYwgBCy9A",12,"simple","“Vehicles” with engines like cars or trucks","Restricted",23.668,"Bicycle","","No legal education or work experience","Progressive (most liberal)","Bicycle",1
"R_77UV6sYiX9x4Lyv",12,"baseline","“Vehicles” with engines like cars or trucks","Restricted",18.556,"Bicycle","Thanks for the opportunity ","No legal education or work experience","Moderate/Centrist","Bicycle",1
"R_3KlzRR7IxNUckgN",1,"baseline","Any “educational benefit” including a housing subsidy paid to the student’s landlord","Broad",28.84,"Housing subsidy","Great experiment, thank you.","No legal education or work experience","Conservative/Republican","Housing subsidy",1
"R_5xJYMcT34E0O6ZI",2,"baseline","Any “harm” including a skin rash resulting from neglect","Broad",10.899,"Orca","","No legal education or work experience","Conservative/Republican","Orca",1
"R_34q1BWOAqtcPUUU",4,"baseline","Any “relinquishment” including a temporary lease","Broad",78.719,"Power plant","","No legal education or work experience","Lean Conservative","Power plant",1
"R_7D8JqpYclIs684V",1,"simple","Any “educational benefit” including a housing subsidy paid to the student’s landlord","Broad",36.98,"Housing subsidy","","No legal education or work experience","Lean Conservative","Housing subsidy",1
"R_10pyEkHxDYDHKBh",2,"simple","Direct, intentional “harms” that are like hunting and shooting","Restricted",18.538,"Orca","","No legal education or work experience","Lean Conservative","Orca",1
"R_1DAUhzs9UsScfxa",6,"simple","“Waste” that could attract animals like food or drinks","Restricted",35.049,"At the campground","Don't like the 2 party political question. Don't align with either but I'm not a centrist.","No legal education or work experience","Moderate/Centrist","At the campground",1
"R_6wyjBGojl2NS0UT",6,"phrasal","Any “waste” including used gift-wrapping paper","Broad",196.899,"At the campground","At first, I REALLY was stuck on only the food in containers portion of the rule, because I had always heard this was really the most important issue (let me state that I have never been camping). However, I then reread it multiple times and realized he literally left an unsealed bag of garbage behind and the rule does include that, however, I think it should be rewritten to explicitly state that and not lump it in amongst the sentences about food and sealed containers. It makes people think the next portion contained after the comma is also associated with food in some way and it's too easy to overlook that as it could pertain to just any unsealed garbage as well.","No legal education or work experience","Liberal/Democrat","At the campground",1
"R_7CkIKzvY09eWySI",10,"baseline","Any “machine” including a small sewing machine","Broad",23.277,"Sewing machine","","No legal education or work experience","Lean Liberal","Sewing machine",1
"R_3VlFMSXmqd2ZmgS",4,"baseline","Any “relinquishment” including a temporary lease","Broad",20.947,"Power plant","","No legal education or work experience","Moderate/Centrist","Power plant",1
"R_7wSRvzCwQvv245M",1,"phrasal","“Educational benefits” like stipends and salaries that go into the student’s pocket","Restricted",154.394,"Housing subsidy","","No legal education or work experience","Moderate/Centrist","Housing subsidy",1
"R_1BtFemBKUqxt7aN",4,"simple","Any “relinquishment” including a temporary lease","Broad",27.041,"Power plant","","Some law-related coursework","Lean Liberal","Power plant",1
"R_3p2UszoNahjywNE",11,"baseline","Any “electronic devices” including a small battery-power fan","Broad",22.894,"Nicholas","nothing additional to add","No legal education or work experience","Progressive (most liberal)","Nicholas",1
"R_7CJFp7FVF41hAQi",11,"phrasal","Any “electronic devices” including a small battery-power fan","Broad",20.245,"Nicholas","","No legal education or work experience","Progressive (most liberal)","Nicholas",1
"R_3KqnlwttPkd3bpv",4,"simple","Permanent “relinquishment” which is like abandoning or demolishing","Restricted",36.408,"Power plant","","No legal education or work experience","Right-wing (most conservative)","Power plant",1
"R_1jTjrkx5APi6fZh",9,"phrasal","Any “sign” including a happy birthday banner","Broad",43.388,"IT","","No legal education or work experience","Right-wing (most conservative)","IT",1
"R_6tplfwLCAUEzaW5",10,"phrasal","Loud “machines” like washers or dryers","Restricted",32.244,"Sewing machine","interesting, thank you","No legal education or work experience","Right-wing (most conservative)","Sewing machine",1
"R_7sixCLwmcDBIbF1",12,"phrasal","“Vehicles” with engines like cars or trucks","Restricted",24.25,"Bicycle","","Some law-related coursework","Lean Liberal","Bicycle",1
"R_7eRIY6h2Q8Af7RL",10,"phrasal","Loud “machines” like washers or dryers","Restricted",122.042,"Sewing machine","None noted.","No legal education or work experience","Liberal/Democrat","Sewing machine",1
"R_7uyrHsYGwSdtGZO",1,"simple","“Educational benefits” like stipends and salaries that go into the student’s pocket","Restricted",29.732,"Housing subsidy","The experiment was clear and straightforward, and the questions were easy to understand.","No legal education or work experience","Conservative/Republican","Housing subsidy",1
"R_3EahbJG0vR3mjOr",2,"phrasal","Any “harm” including a skin rash resulting from neglect","Broad",104.448,"Orca","","No legal education or work experience","Moderate/Centrist","Orca",1
"R_38SaRc5AYRVdI0t",1,"phrasal","“Educational benefits” like stipends and salaries that go into the student’s pocket","Restricted",50.247,"Housing subsidy","","No legal education or work experience","Progressive (most liberal)","Housing subsidy",1
"R_7LqFHGTFQCknYR5",6,"simple","Any “waste” including used gift-wrapping paper","Broad",59.544,"At the campground","None","No legal education or work experience","Liberal/Democrat","At the campground",1
"R_5HXfIbZAAQAoufy",3,"baseline","Medical “clinics” that are like hospitals or urgent care centers","Restricted",63.036,"Gun","easy to understand survey ","No legal education or work experience","Right-wing (most conservative)","Gun",1
"R_1PTr0R1jKm18xZb",2,"phrasal","Any “harm” including a skin rash resulting from neglect","Broad",51.117,"Orca","","Some law-related coursework","Liberal/Democrat","Orca",1
"R_6PzAzVeJ9tM8q0B",6,"simple","Any “waste” including used gift-wrapping paper","Broad",17.864,"At the campground","","No legal education or work experience","Moderate/Centrist","At the campground",1
"R_3n64s3jzTXBv0Pf",4,"phrasal","Permanent “relinquishment” which is like abandoning or demolishing","Restricted",39.02,"Power plant","","No legal education or work experience","Progressive (most liberal)","Power plant",1
"R_3pDxi8m3ZAg3ChA",10,"simple","Loud “machines” like washers or dryers","Restricted",28.271,"Sewing machine","","No legal education or work experience","Lean Liberal","Sewing machine",1
"R_6Nfgih2zrSMiUeF",5,"phrasal","A highly secure “closed and fastened case” that is like a gunbox or a securely tied package","Restricted",25.291,"In her purse","","No legal education or work experience","Liberal/Democrat","In her purse",1
"R_7MtzvJHIOQmxCtt",11,"simple","Any “electronic devices” including a small battery-power fan","Broad",40.191,"Nicholas","i'm a never trump conservative","No legal education or work experience","Lean Conservative","Nicholas",1
"R_7ruQJshRRh6LBxO",9,"baseline","Any “sign” including a happy birthday banner","Broad",41.849,"IT","It has been an engaging experiment.","No legal education or work experience","Liberal/Democrat","IT",1
"R_7B33TQegpCnuMcF",9,"simple","Promotional “signs” like advertisements or flyers","Restricted",60.965,"IT","","No legal education or work experience","Conservative/Republican","IT",1
"R_3oT4NK0ZlQQYlCJ",7,"simple","Any “detailed representations” including an intricate painting","Broad",40.504,"Joshua","","No legal education or work experience","Moderate/Centrist","Joshua",1
"R_1WAmEdJ9BPJcQGd",12,"baseline","“Vehicles” with engines like cars or trucks","Restricted",8.885,"Bicycle","","No legal education or work experience","Progressive (most liberal)","Bicycle",1
"R_6LUnPfyfrjGRCoc",11,"simple","Any “electronic devices” including a small battery-power fan","Broad",24.773,"Nicholas","","No legal education or work experience","Lean Liberal","Nicholas",1
"R_1Ej9ifitorR5iwl",3,"phrasal","Medical “clinics” that are like hospitals or urgent care centers","Restricted",15.771,"Gun","","No legal education or work experience","Liberal/Democrat","Gun",1
"R_1hyIkcEZEpYvmvO",1,"simple","“Educational benefits” like stipends and salaries that go into the student’s pocket","Restricted",38.781,"Housing subsidy","","No legal education or work experience","Progressive (most liberal)","Housing subsidy",1
"R_5dZ3CXb3bbnwEmW",5,"simple","Any kind of “closed and fastened case” including a purse","Broad",49.87,"In her purse","","No legal education or work experience","Moderate/Centrist","In her purse",1
"R_7FXWLtNeaoyOKMV",9,"simple","Any “sign” including a happy birthday banner","Broad",19.387,"IT","Everything worked fine and was understandable.","No legal education or work experience","Liberal/Democrat","IT",1
"R_7JazaiBovL4a80q",1,"baseline","Any “educational benefit” including a housing subsidy paid to the student’s landlord","Broad",43.75,"Housing subsidy","None","No legal education or work experience","Liberal/Democrat","Housing subsidy",1
"R_6MvhNP2DrOqD34R",2,"phrasal","Direct, intentional “harms” that are like hunting and shooting","Restricted",25.437,"Orca","","Some law-related coursework","Lean Liberal","Orca",1
"R_1equpY3zx8h1weZ",7,"phrasal","Architectural “detailed representations” like blueprints and technical drawings","Restricted",162.606,"George","","No legal education or work experience","Lean Conservative","Joshua",0
"R_1MUNlFhKzOyhnhf",5,"simple","Any kind of “closed and fastened case” including a purse","Broad",81.689,"In her purse","","No legal education or work experience","Liberal/Democrat","In her purse",1
"R_1XNu8VVJXSaamuR",7,"phrasal","Any “detailed representations” including an intricate painting","Broad",28.879,"Joshua","","No legal education or work experience","Conservative/Republican","Joshua",1
"R_5kFzPYzfq8grf57",5,"baseline","A highly secure “closed and fastened case” that is like a gunbox or a securely tied package","Restricted",13.609,"In her purse","","Some law-related coursework","Progressive (most liberal)","In her purse",1
"R_12F6td4z4ArI1ON",10,"baseline","Loud “machines” like washers or dryers","Restricted",44.135,"Sewing machine","","No legal education or work experience","Liberal/Democrat","Sewing machine",1
"R_6zOdo2W1NZIT1zX",9,"baseline","Any “sign” including a happy birthday banner","Broad",15.076,"Sales","","No legal education or work experience","Moderate/Centrist","IT",0
"R_6F9AI67HB21Psqk",6,"phrasal","Any “waste” including used gift-wrapping paper","Broad",29.503,"At the campground","None. Thank you ","No legal education or work experience","Liberal/Democrat","At the campground",1
"R_5iaJUmgrELJ3BUz",2,"baseline","Any “harm” including a skin rash resulting from neglect","Broad",18.03,"Orca","","No legal education or work experience","Right-wing (most conservative)","Orca",1
"R_5Tz07zHj1HzRLoY",10,"phrasal","Any “machine” including a small sewing machine","Broad",45.106,"Washing machine","","No legal education or work experience","Conservative/Republican","Sewing machine",0
"R_1dj34XnsG2zUQhq",12,"phrasal","“Vehicles” with engines like cars or trucks","Restricted",65.716,"Bicycle","no","Legal work experience but no law degree","Conservative/Republican","Bicycle",1
"R_14CUWNWhDr9eLZB",2,"simple","Any “harm” including a skin rash resulting from neglect","Broad",14.008,"Orca","","No legal education or work experience","Liberal/Democrat","Orca",1
"R_7aqVd8TWvUK7yff",4,"phrasal","Any “relinquishment” including a temporary lease","Broad",78.642,"Waste disposal","","Legal work experience but no law degree","Moderate/Centrist","Power plant",0
"R_73bRHae2RmspY0V",10,"simple","Loud “machines” like washers or dryers","Restricted",70.147,"Sewing machine","Everything was clear to me.","No legal education or work experience","Lean Conservative","Sewing machine",1
"R_7P9KChlHr4YPJoR",3,"simple","Medical “clinics” that are like hospitals or urgent care centers","Restricted",49.073,"Gun","","No legal education or work experience","Lean Conservative","Gun",1
"R_1YDlyJdLlQYUYr6",11,"baseline","Any “electronic devices” including a small battery-power fan","Broad",15.866,"Nicholas","","No legal education or work experience","Conservative/Republican","Nicholas",1
"R_6PvFsuEE6U9BSrb",8,"phrasal","Any “tank” including a fish tank","Broad",20.181,"An aquarium","","No legal education or work experience","Progressive (most liberal)","An aquarium",1
"R_5qgFrwjgvSeV6ZB",11,"baseline","Digital “electronic devices” like phones or tablets","Restricted",36.275,"William","","No legal education or work experience","Progressive (most liberal)","Nicholas",0
"R_7f9jkAJwQKi6u73",4,"baseline","Any “relinquishment” including a temporary lease","Broad",30.892,"Power plant","","No legal education or work experience","Liberal/Democrat","Power plant",1
"R_39j2dvN1kjBIEox",8,"simple","Any “tank” including a fish tank","Broad",32.698,"A pet store","","No legal education or work experience","Liberal/Democrat","An aquarium",0
"R_6MARUymM16IcTqY",8,"phrasal","Any “tank” including a fish tank","Broad",36.059,"An aquarium","I was just going by what was written and it said any outdoor tanks. That ordinance would seem to apply to this situation.","No legal education or work experience","Progressive (most liberal)","An aquarium",1
"R_6C47KPan8bEqlJh",2,"simple","Any “harm” including a skin rash resulting from neglect","Broad",28.298,"Orca","n/a","Legal work experience but no law degree","Liberal/Democrat","Orca",1
"R_33g32l0a8jVg3yP",6,"baseline","Any “waste” including used gift-wrapping paper","Broad",28.475,"At the campground","The rule states any unattended waste and I could see paper like that being a fire hazard.  ","No legal education or work experience","Lean Conservative","At the campground",1
"R_6eX2ohIyTAMX1Sx",1,"phrasal","Any “educational benefit” including a housing subsidy paid to the student’s landlord","Broad",93.865,"Housing subsidy","","No legal education or work experience","Conservative/Republican","Housing subsidy",1
"R_1ZV8PREVWGXZEte",7,"baseline","Any “detailed representations” including an intricate painting","Broad",48.227,"Joshua","Thank you! ","Some law-related coursework","Lean Liberal","Joshua",1
"R_7zMks7V0VGLVF0S",6,"baseline","“Waste” that could attract animals like food or drinks","Restricted",20.029,"At the campground","","No legal education or work experience","Liberal/Democrat","At the campground",1
"R_1ELk6I9rYLklGEU",11,"phrasal","Digital “electronic devices” like phones or tablets","Restricted",36.41,"William","william/nicholas? I was focused on the fan because I wouldn't call that ""electronics"". When you shop for fans they are in household goods","No legal education or work experience","Liberal/Democrat","Nicholas",0
"R_5Cg2If95BQNsp1W",2,"simple","Any “harm” including a skin rash resulting from neglect","Broad",52.749,"Orca","","No legal education or work experience","Liberal/Democrat","Orca",1
"R_7DZmPBTJnB5WQTQ",3,"phrasal","Any “clinic” including a wellness spa","Broad",30.462,"Gun","","No legal education or work experience","Progressive (most liberal)","Gun",1
"R_8ffLwDXXWOEjRop",1,"simple","Any “educational benefit” including a housing subsidy paid to the student’s landlord","Broad",43.131,"Housing subsidy","","Licensed attorney","Moderate/Centrist","Housing subsidy",1
"R_7koar4fS3eVtgp4",3,"baseline","Medical “clinics” that are like hospitals or urgent care centers","Restricted",63.142,"Gun","","No legal education or work experience","Conservative/Republican","Gun",1
"R_7er4wvH7TT3hCJx",11,"phrasal","Digital “electronic devices” like phones or tablets","Restricted",55.547,"Nicholas","","No legal education or work experience","Lean Conservative","Nicholas",1
"R_1OoHFNIY2rWcoCv",1,"simple","Any “educational benefit” including a housing subsidy paid to the student’s landlord","Broad",43.114,"Housing subsidy","","No legal education or work experience","Conservative/Republican","Housing subsidy",1
"R_7ylxQIdx4wxFWLK",9,"baseline","Promotional “signs” like advertisements or flyers","Restricted",21.546,"IT","Good luck with your experiment","No legal education or work experience","Liberal/Democrat","IT",1
"R_5Cjnk6xlFoWOPJl",6,"phrasal","Any “waste” including used gift-wrapping paper","Broad",48.027,"At the campground","","No legal education or work experience","Liberal/Democrat","At the campground",1
"R_6siSapmnxLXexbE",9,"phrasal","Promotional “signs” like advertisements or flyers","Restricted",29.448,"IT","none","No legal education or work experience","Liberal/Democrat","IT",1
"R_69IFTm3ov7MNn3P",9,"simple","Promotional “signs” like advertisements or flyers","Restricted",41.655,"IT","","No legal education or work experience","Lean Conservative","IT",1
"R_7N9MKvZ2HbJVu1T",8,"simple","Any “tank” including a fish tank","Broad",37.389,"An aquarium","","No legal education or work experience","Conservative/Republican","An aquarium",1
"R_5cpIuhH9MvcyBIr",4,"baseline","Any “relinquishment” including a temporary lease","Broad",64.011,"Power plant","","No legal education or work experience","Conservative/Republican","Power plant",1
"R_1jpp0g9Vdp4LHXE",2,"phrasal","Direct, intentional “harms” that are like hunting and shooting","Restricted",33.087,"Orca","","No legal education or work experience","Conservative/Republican","Orca",1
"R_7chdFXoknkJ0sKJ",6,"baseline","Any “waste” including used gift-wrapping paper","Broad",116.605,"At the campground","The experiment was clear and easy to understand. The questions were straightforward, and I did not experience any issues completing it.","No legal education or work experience","Liberal/Democrat","At the campground",1
"R_6crY3EJxDoDMHbr",8,"baseline","Utility “tanks” like fuel storage or septic systems","Restricted",35.507,"An aquarium","None ","No legal education or work experience","Conservative/Republican","An aquarium",1
"R_7ZCDUvdm6OIWkyt",12,"simple","“Vehicles” with engines like cars or trucks","Restricted",19.1,"Bicycle","","No legal education or work experience","Moderate/Centrist","Bicycle",1
"R_5C1mEe1TMgdPkmh",12,"baseline","“Vehicles” with engines like cars or trucks","Restricted",12.134,"Bicycle","","No legal education or work experience","Liberal/Democrat","Bicycle",1
"R_5ghZHZbFApVIFu6",7,"phrasal","Any “detailed representations” including an intricate painting","Broad",26.748,"Joshua","","No legal education or work experience","Lean Liberal","Joshua",1
"R_62tzLH8kKkn5WFm",3,"simple","Medical “clinics” that are like hospitals or urgent care centers","Restricted",18.145,"Gun","","Some law-related coursework","Lean Conservative","Gun",1
"R_6OGqJ1XPFcoFSX7",1,"baseline","Any “educational benefit” including a housing subsidy paid to the student’s landlord","Broad",124.629,"Housing subsidy","","No legal education or work experience","Moderate/Centrist","Housing subsidy",1
"R_5LiHnfyhzPH2NML",5,"baseline","A highly secure “closed and fastened case” that is like a gunbox or a securely tied package","Restricted",26.303,"In her purse","","No legal education or work experience","Lean Liberal","In her purse",1
"R_1WTCsQ2XKI3Wonn",6,"baseline","Any “waste” including used gift-wrapping paper","Broad",123.216,"At the campground","","No legal education or work experience","Liberal/Democrat","At the campground",1
"R_7rWl3dzzYBHOG41",2,"baseline","Any “harm” including a skin rash resulting from neglect","Broad",46.083,"Orca","","No legal education or work experience","Liberal/Democrat","Orca",1
"R_7QL5jymwGfm0LZB",10,"baseline","Any “machine” including a small sewing machine","Broad",36.4,"Sewing machine","","No legal education or work experience","Lean Liberal","Sewing machine",1
"R_5ezuUzFHGWznQiy",4,"simple","Any “relinquishment” including a temporary lease","Broad",53.733,"Power plant","","Some law-related coursework","Conservative/Republican","Power plant",1
"R_1tmTPOnaZodPn2S",11,"simple","Any “electronic devices” including a small battery-power fan","Broad",26.266,"Nicholas","Have a good study  :)","No legal education or work experience","Liberal/Democrat","Nicholas",1
"R_6DnbZfVobcg8Bk1",6,"simple","Any “waste” including used gift-wrapping paper","Broad",31.121,"At the campground","","No legal education or work experience","Conservative/Republican","At the campground",1
"R_1xY7e7vzWkoUeXv",11,"simple","Digital “electronic devices” like phones or tablets","Restricted",22.046,"Nicholas","","Legal work experience but no law degree","Lean Liberal","Nicholas",1
"R_12Mw1TZBVq3FYsI",10,"phrasal","Loud “machines” like washers or dryers","Restricted",38.926,"Sewing machine","","Some law-related coursework","Conservative/Republican","Sewing machine",1
"R_3D7SRCLKhupFgiZ",8,"baseline","Any “tank” including a fish tank","Broad",215.161,"An aquarium","","No legal education or work experience","Lean Liberal","An aquarium",1
"R_5G378W6gazqwthj",5,"phrasal","Any kind of “closed and fastened case” including a purse","Broad",40.825,"In her purse","","No legal education or work experience","Moderate/Centrist","In her purse",1
"R_1qk57JzBOkEG8c0",12,"phrasal","“Vehicles” with engines like cars or trucks","Restricted",43.143,"Bicycle","","No legal education or work experience","Conservative/Republican","Bicycle",1
"R_6ETsIrd4JdIh2Rz",9,"simple","Any “sign” including a happy birthday banner","Broad",12.387,"IT","","No legal education or work experience","Liberal/Democrat","IT",1
"R_7iklbg7x6TdZ3iN",1,"baseline","Any “educational benefit” including a housing subsidy paid to the student’s landlord","Broad",65.39,"Housing subsidy","","No legal education or work experience","Progressive (most liberal)","Housing subsidy",1
"R_59n3vLWtspUBf51",11,"phrasal","Any “electronic devices” including a small battery-power fan","Broad",39.901,"Nicholas","","No legal education or work experience","Moderate/Centrist","Nicholas",1
"R_1GCww2ptMEY3V5r",3,"phrasal","Medical “clinics” that are like hospitals or urgent care centers","Restricted",96.819,"Gun","This experiment was interesting and made me think carefully about how laws are worded and how words like clinic can be interpreted differently. ","No legal education or work experience","Liberal/Democrat","Gun",1
"R_6KeX2coFdKRHwuB",6,"baseline","Any “waste” including used gift-wrapping paper","Broad",24.54,"At the campground","","No legal education or work experience","Liberal/Democrat","At the campground",1
"R_6M4fz5cnWKW9j2u",11,"simple","Digital “electronic devices” like phones or tablets","Restricted",38.491,"Nicholas","","No legal education or work experience","Liberal/Democrat","Nicholas",1
"R_5io2vgScf1JPgHv",12,"simple","“Vehicles” with engines like cars or trucks","Restricted",26.56,"Bicycle","","No legal education or work experience","Lean Liberal","Bicycle",1
"R_7E4N9gAXt9v6rKq",6,"simple","“Waste” that could attract animals like food or drinks","Restricted",39.594,"At the campground","na","No legal education or work experience","Conservative/Republican","At the campground",1
"R_3rTxzEIitYgAxD9",1,"phrasal","“Educational benefits” like stipends and salaries that go into the student’s pocket","Restricted",50.07,"Housing subsidy","","No legal education or work experience","Liberal/Democrat","Housing subsidy",1
"R_5kFpztORfOf3sdP",7,"phrasal","Architectural “detailed representations” like blueprints and technical drawings","Restricted",39.357,"Joshua","","No legal education or work experience","Lean Conservative","Joshua",1
"R_7uPShRqvhcrYOZ3",3,"simple","Any “clinic” including a wellness spa","Broad",24.373,"Gun","","No legal education or work experience","Liberal/Democrat","Gun",1
"R_3m6S2TZW7StVtSh",7,"simple","Any “detailed representations” including an intricate painting","Broad",53.208,"Joshua","","No legal education or work experience","Liberal/Democrat","Joshua",1
"R_6n0ZPnBq7UYrlVE",8,"baseline","Any “tank” including a fish tank","Broad",10.603,"A pet store","No","No legal education or work experience","Liberal/Democrat","An aquarium",0
"R_5z6MMzftvNbaiW5",10,"phrasal","Any “machine” including a small sewing machine","Broad",25.357,"Sewing machine","","No legal education or work experience","Moderate/Centrist","Sewing machine",1
"R_1YXvxVIcFoMCbpI",9,"phrasal","Promotional “signs” like advertisements or flyers","Restricted",21.378,"IT","This sounds like someone with a specific religious background, who does not celebrate birthdays, complained. I think everyone needs to consider that we all have different beliefs, and to be curious and accepting, rather than condemning.","No legal education or work experience","Progressive (most liberal)","IT",1
"R_7B7ZM9DX1DWDCw1",12,"baseline","Any “vehicle” including a bicycle","Broad",33.885,"Bicycle","","Some law-related coursework","Lean Liberal","Bicycle",1
"R_6zds9Fche1vzi2Q",2,"baseline","Any “harm” including a skin rash resulting from neglect","Broad",19.767,"Orca","","No legal education or work experience","Liberal/Democrat","Orca",1
"R_7TzSUSl8zpT2khP",7,"baseline","Any “detailed representations” including an intricate painting","Broad",43.581,"Joshua","","Some law-related coursework","Liberal/Democrat","Joshua",1
"R_6pXQErukNhoH9Xz",10,"baseline","Any “machine” including a small sewing machine","Broad",46.831,"Sewing machine","","No legal education or work experience","Lean Liberal","Sewing machine",1
"R_6nx82SM8DjbBPEG",9,"phrasal","Promotional “signs” like advertisements or flyers","Restricted",21.379,"IT","","Some law-related coursework","Liberal/Democrat","IT",1
"R_1IZCHTuci6sgduU",2,"phrasal","Any “harm” including a skin rash resulting from neglect","Broad",62.102,"Orca","","No legal education or work experience","Lean Liberal","Orca",1
"R_6W3Vir4o61Piq9b",9,"baseline","Promotional “signs” like advertisements or flyers","Restricted",16.813,"IT","","No legal education or work experience","Progressive (most liberal)","IT",1
"R_5IcoPuTn3AUufkP",4,"phrasal","Any “relinquishment” including a temporary lease","Broad",88.434,"Power plant","","No legal education or work experience","Progressive (most liberal)","Power plant",1
"R_6pYK9YxB0dLqQZb",4,"simple","Permanent “relinquishment” which is like abandoning or demolishing","Restricted",62.82,"Power plant","","No legal education or work experience","Right-wing (most conservative)","Power plant",1
"R_5SVlqmouIVux3IR",6,"phrasal","“Waste” that could attract animals like food or drinks","Restricted",29.258,"At the campground","","No legal education or work experience","Progressive (most liberal)","At the campground",1
"R_1ot1n3KUtv9ZWeG",5,"baseline","A highly secure “closed and fastened case” that is like a gunbox or a securely tied package","Restricted",57.697,"In her purse","","No legal education or work experience","Conservative/Republican","In her purse",1
"R_6qKJW9FWQCwXW6t",5,"simple","A highly secure “closed and fastened case” that is like a gunbox or a securely tied package","Restricted",48.678,"In her purse","the experiment was easy to understand and had no technical issues","No legal education or work experience","Conservative/Republican","In her purse",1
"R_7ruAbJbmtbJpa9e",1,"baseline","“Educational benefits” like stipends and salaries that go into the student’s pocket","Restricted",26.575,"Housing subsidy","","No legal education or work experience","Liberal/Democrat","Housing subsidy",1
"R_1jBWNPDOOoIXW9z",5,"phrasal","Any kind of “closed and fastened case” including a purse","Broad",63.271,"In her purse","","No legal education or work experience","Lean Conservative","In her purse",1
"R_1iQEtzOoB6R83xd",4,"baseline","Any “relinquishment” including a temporary lease","Broad",34.095,"Power plant","","No legal education or work experience","Liberal/Democrat","Power plant",1
"R_19aFx5WRElnFHdM",8,"baseline","Utility “tanks” like fuel storage or septic systems","Restricted",16.03,"An aquarium","","No legal education or work experience","Lean Liberal","An aquarium",1
"R_7fqN0BlzZlDPUfD",11,"baseline","Any “electronic devices” including a small battery-power fan","Broad",27.431,"Nicholas","","No legal education or work experience","Lean Liberal","Nicholas",1
"R_1QilEVfHmsRbH9r",5,"baseline","A highly secure “closed and fastened case” that is like a gunbox or a securely tied package","Restricted",25.726,"In her purse","","No legal education or work experience","Moderate/Centrist","In her purse",1
"R_5HA1w2t2KRouvMl",1,"baseline","Any “educational benefit” including a housing subsidy paid to the student’s landlord","Broad",34.068,"Housing subsidy","","No legal education or work experience","Liberal/Democrat","Housing subsidy",1
"R_69aVIytkuXIPoQl",12,"simple","“Vehicles” with engines like cars or trucks","Restricted",295.259,"Bicycle","","No legal education or work experience","Lean Liberal","Bicycle",1
"R_7b1wABsOPmNJ2sF",7,"baseline","Any “detailed representations” including an intricate painting","Broad",33.25,"Joshua","","No legal education or work experience","Liberal/Democrat","Joshua",1
"R_1rTONaWGt1MXuLy",1,"phrasal","Any “educational benefit” including a housing subsidy paid to the student’s landlord","Broad",38.476,"Housing subsidy","","No legal education or work experience","Right-wing (most conservative)","Housing subsidy",1
"R_5wFzxQGUJvpWLFM",3,"baseline","Any “clinic” including a wellness spa","Broad",58.112,"Gun","","No legal education or work experience","Liberal/Democrat","Gun",1
"R_66eXl1I2MEbSpYL",8,"simple","Utility “tanks” like fuel storage or septic systems","Restricted",33.678,"An aquarium","I think that kind of tank doesn't count for the intended ordinance. ","No legal education or work experience","Liberal/Democrat","An aquarium",1
"R_7AFQ989UdazAuK4",10,"simple","Any “machine” including a small sewing machine","Broad",52.114,"Sewing machine","The rule is stupid but she did violate it.  Machine would refer also to computers, sleep apnea machines, anti-noise machines, fish tank filtering systems, etc. ","Some law-related coursework","Progressive (most liberal)","Sewing machine",1
"R_1v7hJuIOFaZ03Qq",12,"phrasal","“Vehicles” with engines like cars or trucks","Restricted",41.858,"Bicycle","","No legal education or work experience","Progressive (most liberal)","Bicycle",1
"R_6oKOM8HDMe4hD1A",1,"simple","“Educational benefits” like stipends and salaries that go into the student’s pocket","Restricted",28.07,"Housing subsidy","Thank you!!","Some law-related coursework","Conservative/Republican","Housing subsidy",1
"R_5Lk0YojQI0UsQBX",10,"baseline","Loud “machines” like washers or dryers","Restricted",20.906,"Sewing machine","","No legal education or work experience","Lean Conservative","Sewing machine",1
"R_53agBVFT0OtuTk5",3,"baseline","Any “clinic” including a wellness spa","Broad",25.203,"Gun","","No legal education or work experience","Lean Conservative","Gun",1
"R_7dnxkKNnXVAUjUB",9,"phrasal","Any “sign” including a happy birthday banner","Broad",37.973,"Sales","","Some law-related coursework","Conservative/Republican","IT",0
"R_3JEdHCfUPAKPXE7",8,"simple","Any “tank” including a fish tank","Broad",37.631,"An aquarium","None.","No legal education or work experience","Moderate/Centrist","An aquarium",1
"R_6QvndjkofjTdXSV",7,"baseline","Architectural “detailed representations” like blueprints and technical drawings","Restricted",26.375,"Joshua","Thanks!","No legal education or work experience","Lean Conservative","Joshua",1
"R_3gRXsTp6E1Z0D2p",11,"baseline","Digital “electronic devices” like phones or tablets","Restricted",20.141,"Nicholas","Love you!","No legal education or work experience","Moderate/Centrist","Nicholas",1
"R_6hA2EBP3s4kNqxu",9,"baseline","Promotional “signs” like advertisements or flyers","Restricted",23.315,"IT","","No legal education or work experience","Lean Liberal","IT",1
"R_1tT2EgsNOV0fG2l",3,"simple","Medical “clinics” that are like hospitals or urgent care centers","Restricted",33.85,"Gun","","No legal education or work experience","Progressive (most liberal)","Gun",1
"R_5KZX3YPgUVnuXq9",8,"simple","Utility “tanks” like fuel storage or septic systems","Restricted",188.499,"An aquarium","I felt the law would be regarding any outdoor tank that could pose a threat to the public if not handled correctly, like a fuel storage tank or a septic tank. All a fish tank holds is a little water.","No legal education or work experience","Right-wing (most conservative)","An aquarium",1
"R_7fHwAykMgz8Bp7d",12,"phrasal","“Vehicles” with engines like cars or trucks","Restricted",20.243,"Bicycle","","No legal education or work experience","Lean Liberal","Bicycle",1
"R_5GjWxNuurVX7Vf3",7,"simple","Any “detailed representations” including an intricate painting","Broad",53.098,"Joshua","","No legal education or work experience","Progressive (most liberal)","Joshua",1
"R_7SDiHBQ5QCUe39W",10,"simple","Any “machine” including a small sewing machine","Broad",122.61,"Sewing machine","","No legal education or work experience","Lean Conservative","Sewing machine",1
"R_5P2iiWUmBlHazg1",10,"simple","Loud “machines” like washers or dryers","Restricted",46.277,"Sewing machine","","No legal education or work experience","Moderate/Centrist","Sewing machine",1
"R_5qC80ntoGBrvB4o",8,"phrasal","Any “tank” including a fish tank","Broad",108.586,"An aquarium","","No legal education or work experience","Lean Liberal","An aquarium",1
"R_6LqEN4PG1H7lmky",12,"simple","“Vehicles” with engines like cars or trucks","Restricted",25.857,"Bicycle","No comments","No legal education or work experience","Liberal/Democrat","Bicycle",1
"R_6096cprPsNNNQj3",5,"baseline","Any kind of “closed and fastened case” including a purse","Broad",22.883,"In her purse","","Legal work experience but no law degree","Progressive (most liberal)","In her purse",1
"R_6bPp5ZDpneWLm5D",2,"phrasal","Direct, intentional “harms” that are like hunting and shooting","Restricted",37.432,"Orca","","Other (please specify)","Conservative/Republican","Orca",1
"R_6aS2ik6T9bf6bFi",10,"phrasal","Loud “machines” like washers or dryers","Restricted",25.019,"Sewing machine","","No legal education or work experience","Liberal/Democrat","Sewing machine",1
"R_71hgfrxJXgocz5G",4,"phrasal","Any “relinquishment” including a temporary lease","Broad",28.015,"Power plant","","Some law-related coursework","Progressive (most liberal)","Power plant",1
"R_54MYuJ6yZinZNsn",9,"simple","Any “sign” including a happy birthday banner","Broad",50.837,"IT","","No legal education or work experience","Lean Liberal","IT",1
"R_6I5CPHRdmVsOevM",12,"simple","Any “vehicle” including a bicycle","Broad",21.596,"Bicycle","","No legal education or work experience","Liberal/Democrat","Bicycle",1
"R_7JWbndY6IJH7S9I",4,"baseline","Any “relinquishment” including a temporary lease","Broad",40.366,"Power plant","None","No legal education or work experience","Lean Liberal","Power plant",1
"R_7Yud5G1kSCMve1e",7,"simple","Any “detailed representations” including an intricate painting","Broad",36.452,"Joshua","","No legal education or work experience","Progressive (most liberal)","Joshua",1
"R_3QmpKPboGvsV2g6",2,"baseline","Any “harm” including a skin rash resulting from neglect","Broad",15.271,"Orca","N/A","No legal education or work experience","Lean Liberal","Orca",1
"R_7MKzs9RKOMwAXZh",9,"phrasal","Promotional “signs” like advertisements or flyers","Restricted",16.745,"IT","","No legal education or work experience","Right-wing (most conservative)","IT",1
"R_76mYlCfmPv3FzTa",8,"baseline","Any “tank” including a fish tank","Broad",19.432,"An aquarium","","No legal education or work experience","Progressive (most liberal)","An aquarium",1
"R_73U1BGW8TB3dwWi",9,"baseline","Any “sign” including a happy birthday banner","Broad",20.814,"IT","","No legal education or work experience","Lean Liberal","IT",1
"R_7xxrvXOgrHN5DvX",2,"simple","Any “harm” including a skin rash resulting from neglect","Broad",61.083,"Orca","","No legal education or work experience","Conservative/Republican","Orca",1
"R_3JFx6ZZdRCuoKog",10,"simple","Any “machine” including a small sewing machine","Broad",22.809,"Sewing machine","none","Other (please specify)","Moderate/Centrist","Sewing machine",1
"R_6U4wysN3XaDgBfe",11,"phrasal","Any “electronic devices” including a small battery-power fan","Broad",33.265,"Nicholas","","No legal education or work experience","Moderate/Centrist","Nicholas",1
"R_7mQwnBSebvs0KIr",12,"baseline","Any “vehicle” including a bicycle","Broad",11.575,"Bicycle","","No legal education or work experience","Lean Liberal","Bicycle",1
"R_7A3jyKpWRG1psEV",6,"baseline","Any “waste” including used gift-wrapping paper","Broad",10.407,"At the campground","n/a","No legal education or work experience","Liberal/Democrat","At the campground",1
"R_70rd6x6uJrPTpGy",9,"simple","Any “sign” including a happy birthday banner","Broad",21.505,"IT","","No legal education or work experience","Lean Conservative","IT",1
"R_5oei7pUOUkWo9rt",6,"simple","“Waste” that could attract animals like food or drinks","Restricted",51.023,"At the campground","","No legal education or work experience","Progressive (most liberal)","At the campground",1
"R_5Lb76V4FZQ18PCr",2,"simple","Direct, intentional “harms” that are like hunting and shooting","Restricted",40.646,"Orca","","No legal education or work experience","Conservative/Republican","Orca",1
"R_5pGLcHfp0YRFeP7",11,"baseline","Digital “electronic devices” like phones or tablets","Restricted",21.419,"Nicholas","I get that technically it might be considered electronic, although I'm guessing it's powered by a battery (and while phones are, they are charged by electronics) so I feel like the fan is ok. However, that lends itself to an old 80's boom box which can be battery operated and be very disruptive. So I think the rule should have more parameters.","No legal education or work experience","Lean Conservative","Nicholas",1
"R_7HVbdiiKtmewDvz",4,"baseline","Any “relinquishment” including a temporary lease","Broad",37.433,"Power plant","","No legal education or work experience","Moderate/Centrist","Power plant",1
"R_7Nn9moDn8y13lNA",7,"simple","Any “detailed representations” including an intricate painting","Broad",22.745,"Joshua","forgot artist name, sorry","No legal education or work experience","Moderate/Centrist","Joshua",1
"R_365PAsoxX0wGvrR",6,"phrasal","“Waste” that could attract animals like food or drinks","Restricted",31.807,"At the campground","","No legal education or work experience","Moderate/Centrist","At the campground",1
"R_6Qqwww6acZr9brz",8,"phrasal","Any “tank” including a fish tank","Broad",78.25,"An aquarium","","No legal education or work experience","Progressive (most liberal)","An aquarium",1
"R_52Vie03jbS4N3lQ",8,"simple","Utility “tanks” like fuel storage or septic systems","Restricted",16.036,"An aquarium","none, tysm!","No legal education or work experience","Liberal/Democrat","An aquarium",1
"R_501NZe2DS3erJe0",3,"phrasal","Medical “clinics” that are like hospitals or urgent care centers","Restricted",57.832,"Gun","I believe someday all gun ownership will be banned. That and war will be strongly looked down upon in the future in my opinion.","No legal education or work experience","Lean Liberal","Gun",1
"R_1pFZTyaFIdP4TRC",6,"phrasal","Any “waste” including used gift-wrapping paper","Broad",32.65,"At the campground","","No legal education or work experience","Liberal/Democrat","At the campground",1
"R_14Awe2xA0ipP13o",3,"phrasal","Any “clinic” including a wellness spa","Broad",19.954,"Gun","","No legal education or work experience","Liberal/Democrat","Gun",1
"R_1eqSGHeShTixRKm",10,"baseline","Any “machine” including a small sewing machine","Broad",21.801,"Sewing machine","","No legal education or work experience","Moderate/Centrist","Sewing machine",1
"R_1pPTtl0uuKj4Mv1",1,"baseline","“Educational benefits” like stipends and salaries that go into the student’s pocket","Restricted",50.876,"Housing subsidy","","No legal education or work experience","Progressive (most liberal)","Housing subsidy",1
"R_5NCK0AuUg6de9Xt",4,"phrasal","Any “relinquishment” including a temporary lease","Broad",18.114,"Power plant","It was interesting","No legal education or work experience","Conservative/Republican","Power plant",1
"R_3o0GTOCiKlCB73R",4,"simple","Any “relinquishment” including a temporary lease","Broad",57.254,"Power plant","","No legal education or work experience","Liberal/Democrat","Power plant",1
"R_1KZSQyVvGFdhJbr",1,"phrasal","“Educational benefits” like stipends and salaries that go into the student’s pocket","Restricted",82.361,"Housing subsidy","","No legal education or work experience","Liberal/Democrat","Housing subsidy",1
"R_70uBl1oaHsOWeuv",11,"phrasal","Digital “electronic devices” like phones or tablets","Restricted",26.097,"Nicholas","","No legal education or work experience","Moderate/Centrist","Nicholas",1
"R_1MQ347RjclGMGZP",11,"phrasal","Any “electronic devices” including a small battery-power fan","Broad",36.052,"Nicholas","","No legal education or work experience","Liberal/Democrat","Nicholas",1
"R_13egaxmNpL8ss2q",3,"baseline","Medical “clinics” that are like hospitals or urgent care centers","Restricted",24.898,"Gun","","Some law-related coursework","Progressive (most liberal)","Gun",1
"R_3Jttlk3iCuBPdjD",4,"simple","Permanent “relinquishment” which is like abandoning or demolishing","Restricted",60.068,"Power plant","none","No legal education or work experience","Lean Conservative","Power plant",1
"R_7RBoKce1azJftWF",3,"simple","Any “clinic” including a wellness spa","Broad",78.885,"Gun","","No legal education or work experience","Lean Conservative","Gun",1
"R_7wdzG0Dt2GIU8fv",3,"simple","Medical “clinics” that are like hospitals or urgent care centers","Restricted",38.607,"Gun","","No legal education or work experience","Conservative/Republican","Gun",1
"R_75HHQGvmEoiucUH",4,"phrasal","Permanent “relinquishment” which is like abandoning or demolishing","Restricted",33.565,"Power plant","","No legal education or work experience","Lean Liberal","Power plant",1
"R_7w7f3wH0hQWxRlr",2,"simple","Direct, intentional “harms” that are like hunting and shooting","Restricted",34.178,"Orca","","No legal education or work experience","Conservative/Republican","Orca",1
"R_5G1Ud02tHhdS7s7",5,"baseline","Any kind of “closed and fastened case” including a purse","Broad",32.785,"In her purse","","No legal education or work experience","Progressive (most liberal)","In her purse",1
"R_3YSUUKREGn8mDPX",3,"baseline","Any “clinic” including a wellness spa","Broad",41.291,"Gun","","No legal education or work experience","Moderate/Centrist","Gun",1
"R_3GCZNHKbgUN2mNz",8,"phrasal","Any “tank” including a fish tank","Broad",43.841,"An aquarium","Funny that this is even a question it seems clear.","No legal education or work experience","Lean Liberal","An aquarium",1
"R_7hDYy1zAODZdZ3r",5,"phrasal","A highly secure “closed and fastened case” that is like a gunbox or a securely tied package","Restricted",45.537,"In her purse","I do agree that a closed and fastened case would normally mean something without easy access, but the wording should be clearer on that to be legally enforced. Thanks!","Legal work experience but no law degree","Right-wing (most conservative)","In her purse",1
"R_7rPs4GS58AFIan8",2,"phrasal","Any “harm” including a skin rash resulting from neglect","Broad",38.628,"Orca","No additional comments.","No legal education or work experience","Lean Conservative","Orca",1
"R_34PeG9zrX4djUQN",6,"simple","“Waste” that could attract animals like food or drinks","Restricted",39.68,"At the campground","cool study","No legal education or work experience","Liberal/Democrat","At the campground",1
"R_7q2kGTW9sgLgugB",8,"baseline","Any “tank” including a fish tank","Broad",55.67,"An aquarium","","No legal education or work experience","Moderate/Centrist","An aquarium",1
"R_1Th1HYgEP8U7Axb",5,"phrasal","Any kind of “closed and fastened case” including a purse","Broad",37.569,"In her purse","","No legal education or work experience","Moderate/Centrist","In her purse",1
"R_32scZpHib2t475S",9,"baseline","Any “sign” including a happy birthday banner","Broad",15.689,"IT","","No legal education or work experience","Moderate/Centrist","IT",1
"R_7Tz8QOYOGamII0q",10,"baseline","Any “machine” including a small sewing machine","Broad",34.077,"Sewing machine","","No legal education or work experience","Liberal/Democrat","Sewing machine",1
"R_5XJHLYC9p6Q0sVz",12,"phrasal","“Vehicles” with engines like cars or trucks","Restricted",23.571,"Bicycle","","No legal education or work experience","Conservative/Republican","Bicycle",1
"R_6hWsmJj74LuaXR8",2,"phrasal","Any “harm” including a skin rash resulting from neglect","Broad",13.252,"Gray","","No legal education or work experience","Liberal/Democrat","Orca",0
"R_322sqOVwj7Npz6A",5,"baseline","Any kind of “closed and fastened case” including a purse","Broad",30.724,"In her purse","I don't think she should be able to put the gun in a purse but the law isn't specific enough","No legal education or work experience","Moderate/Centrist","In her purse",1
"R_78J1cWgkOr77LRN",4,"baseline","Any “relinquishment” including a temporary lease","Broad",49.802,"Power plant","","No legal education or work experience","Lean Liberal","Power plant",1
"R_1w7kaLK5y1em9mp",7,"phrasal","Any “detailed representations” including an intricate painting","Broad",49.616,"Joshua","","No legal education or work experience","Moderate/Centrist","Joshua",1
"R_1PbWOGApJCpfypX",7,"simple","Architectural “detailed representations” like blueprints and technical drawings","Restricted",29.929,"Joshua","","No legal education or work experience","Lean Conservative","Joshua",1
"R_1dnuIxf26l2r7yx",8,"phrasal","Any “tank” including a fish tank","Broad",15.953,"A pet store","n/a","No legal education or work experience","Progressive (most liberal)","An aquarium",0
"R_1bFEfVGOg7QXnIl",11,"baseline","Any “electronic devices” including a small battery-power fan","Broad",28.891,"Nicholas","","No legal education or work experience","Liberal/Democrat","Nicholas",1
"R_334sBLOM7Y0cyhr",11,"simple","Any “electronic devices” including a small battery-power fan","Broad",38.717,"Nicholas","n/a","No legal education or work experience","Liberal/Democrat","Nicholas",1
"R_6SCaX7dbJuvaFP3",3,"simple","Medical “clinics” that are like hospitals or urgent care centers","Restricted",28.686,"Gun","It is not a place of mostly scientifically recognized medicine.","No legal education or work experience","Progressive (most liberal)","Gun",1
"R_7HnGWFG03oufvZZ",12,"phrasal","“Vehicles” with engines like cars or trucks","Restricted",23.052,"Bicycle","","Some law-related coursework","Lean Liberal","Bicycle",1
"R_5Ra1YK4xhhoFIKs",2,"baseline","Direct, intentional “harms” that are like hunting and shooting","Restricted",17.116,"Orca","","Legal work experience but no law degree","Lean Conservative","Orca",1
"R_6U6jng5hLyPJuPC",7,"baseline","Any “detailed representations” including an intricate painting","Broad",59.262,"Joshua","","No legal education or work experience","Lean Liberal","Joshua",1
"R_19g3qqqU51Lnr6R",9,"simple","Promotional “signs” like advertisements or flyers","Restricted",55.908,"IT","","No legal education or work experience","Conservative/Republican","IT",1
"R_3M3WhGU8nP2lkMG",11,"simple","Digital “electronic devices” like phones or tablets","Restricted",34.761,"Nicholas","none","No legal education or work experience","Liberal/Democrat","Nicholas",1
"R_5ekvs902dfozWuv",12,"simple","“Vehicles” with engines like cars or trucks","Restricted",14.663,"Bicycle","I think this was a great question, it's always interesting to see how different people intrepret rules. Have a great day!","No legal education or work experience","Lean Conservative","Bicycle",1
"R_57DObQZsCK2j9WL",12,"baseline","“Vehicles” with engines like cars or trucks","Restricted",22.012,"Bicycle","","No legal education or work experience","Lean Conservative","Bicycle",1
"R_3BnCTcnrpmuecE5",4,"phrasal","Any “relinquishment” including a temporary lease","Broad",94.563,"Power plant","","Some law-related coursework","Moderate/Centrist","Power plant",1
"R_5sLJl8LqHmZ98gp",6,"baseline","Any “waste” including used gift-wrapping paper","Broad",31.326,"At the campground","","No legal education or work experience","Lean Liberal","At the campground",1
"R_5mEtOHVi2LOgF31",7,"phrasal","Any “detailed representations” including an intricate painting","Broad",30.09,"Joshua","","No legal education or work experience","Liberal/Democrat","Joshua",1
"R_1R9Eufgou1Y9DI7",6,"simple","Any “waste” including used gift-wrapping paper","Broad",37.991,"At the campground","","Some law-related coursework","Moderate/Centrist","At the campground",1
"R_766SskWdW7oXNJL",10,"phrasal","Loud “machines” like washers or dryers","Restricted",41.751,"Sewing machine","","No legal education or work experience","Lean Conservative","Sewing machine",1
"R_6kOkv0C6luVFVmr",5,"simple","Any kind of “closed and fastened case” including a purse","Broad",37.845,"In her purse","","No legal education or work experience","Progressive (most liberal)","In her purse",1
"R_1EYtCYKxfj0Z0zL",11,"simple","Any “electronic devices” including a small battery-power fan","Broad",17.543,"Nicholas","","No legal education or work experience","Moderate/Centrist","Nicholas",1
"R_58v7pR7woRkp3Mt",8,"simple","Utility “tanks” like fuel storage or septic systems","Restricted",16.801,"An aquarium","","No legal education or work experience","Progressive (most liberal)","An aquarium",1
"R_7LxWOEv8uqO3zwd",10,"simple","Loud “machines” like washers or dryers","Restricted",29.63,"Sewing machine","","No legal education or work experience","Lean Conservative","Sewing machine",1
"R_1CeEhooYeczAphf",10,"simple","Any “machine” including a small sewing machine","Broad",29.669,"Washing machine","","Some law-related coursework","Conservative/Republican","Sewing machine",0
"R_564kmMnT79wqOa2",6,"simple","Any “waste” including used gift-wrapping paper","Broad",30.844,"At the campground","","No legal education or work experience","Liberal/Democrat","At the campground",1
"R_1G9ajvvulfbrDMH",1,"phrasal","Any “educational benefit” including a housing subsidy paid to the student’s landlord","Broad",60.014,"Housing subsidy","","No legal education or work experience","Progressive (most liberal)","Housing subsidy",1
"R_1fd2DGsatK87WSd",12,"baseline","“Vehicles” with engines like cars or trucks","Restricted",27.861,"Bicycle","No additional comments to add on my end.  I provided my thoughtful and honest feedback to the questions asked.  Thank you! :)","No legal education or work experience","Moderate/Centrist","Bicycle",1
"R_3rOuKdSjUpWa3WG",5,"baseline","A highly secure “closed and fastened case” that is like a gunbox or a securely tied package","Restricted",25.782,"In her purse","","No legal education or work experience","Progressive (most liberal)","In her purse",1
"R_5sRqCVszYd6yNIR",2,"simple","Any “harm” including a skin rash resulting from neglect","Broad",18.885,"Orca","","No legal education or work experience","Progressive (most liberal)","Orca",1
"R_6OPnmUbVdQq0AYa",3,"phrasal","Medical “clinics” that are like hospitals or urgent care centers","Restricted",58.704,"Gun","","No legal education or work experience","Moderate/Centrist","Gun",1
"R_5SBplXh0kCv9ljb",9,"simple","Any “sign” including a happy birthday banner","Broad",27.203,"IT","","Some law-related coursework","Lean Liberal","IT",1
"R_1YQYy8AuspuGeOd",1,"baseline","Any “educational benefit” including a housing subsidy paid to the student’s landlord","Broad",59.745,"Housing subsidy","That was not an easy question to answer, both in terms of looking at the intention of the law and trying to keep my feelings about the law out of it","No legal education or work experience","Liberal/Democrat","Housing subsidy",1
"R_1dpiPqm1kfBdEmz",6,"baseline","Any “waste” including used gift-wrapping paper","Broad",35.711,"At the campground","","No legal education or work experience","Progressive (most liberal)","At the campground",1
"R_3jSOAyAEUr3Fk1S",5,"simple","A highly secure “closed and fastened case” that is like a gunbox or a securely tied package","Restricted",132.848,"In her purse","Thought it was interesting and definitely made me think. I think based on the wording that the purse would not be enough to meet the criteria as a closed and fastened case. Thanks for the study. ","No legal education or work experience","Liberal/Democrat","In her purse",1
"R_7s557kt8yioRhTa",5,"phrasal","Any kind of “closed and fastened case” including a purse","Broad",43.359,"In her purse","","No legal education or work experience","Lean Liberal","In her purse",1
"R_3zMxTfYIXpgNW62",2,"baseline","Direct, intentional “harms” that are like hunting and shooting","Restricted",22.994,"Orca","","No legal education or work experience","Conservative/Republican","Orca",1
"R_1Lk9OODV9KkpVoV",3,"phrasal","Medical “clinics” that are like hospitals or urgent care centers","Restricted",8.143,"Gun","","Some law-related coursework","Lean Conservative","Gun",1
"R_6hRU7CjD68t31VS",8,"baseline","Any “tank” including a fish tank","Broad",23.563,"An aquarium","","No legal education or work experience","Lean Conservative","An aquarium",1
"R_64QZLGmb2VjurJL",12,"simple","“Vehicles” with engines like cars or trucks","Restricted",10.666,"Bicycle","","Current law student","Progressive (most liberal)","Bicycle",1
"R_7psZD6PKsZoXw6n",2,"phrasal","Any “harm” including a skin rash resulting from neglect","Broad",37.945,"Orca","","No legal education or work experience","Lean Liberal","Orca",1
"R_51ZxWn6Cv7muyap",7,"phrasal","Architectural “detailed representations” like blueprints and technical drawings","Restricted",38.961,"Joshua","good job guys!","No legal education or work experience","Liberal/Democrat","Joshua",1
"R_7oPlTcC6tvfdkqt",1,"simple","“Educational benefits” like stipends and salaries that go into the student’s pocket","Restricted",46.028,"Housing subsidy","n/a","Legal work experience but no law degree","Progressive (most liberal)","Housing subsidy",1
"R_3f6CO7FcSJ0uDRA",10,"baseline","Loud “machines” like washers or dryers","Restricted",17.252,"Sewing machine","","Legal work experience but no law degree","Progressive (most liberal)","Sewing machine",1
"R_79ugxN7u3eimrw5",5,"simple","A highly secure “closed and fastened case” that is like a gunbox or a securely tied package","Restricted",67.026,"In her purse","","No legal education or work experience","Lean Conservative","In her purse",1
"R_6DTfQvxH9eOPQ8S",7,"baseline","Any “detailed representations” including an intricate painting","Broad",40.755,"Joshua","","No legal education or work experience","Moderate/Centrist","Joshua",1
"R_13gNiChtyVwU0PD",2,"phrasal","Any “harm” including a skin rash resulting from neglect","Broad",21.37,"Orca","","No legal education or work experience","Lean Liberal","Orca",1
"R_1j3xGNTLzrBlkhc",3,"simple","Any “clinic” including a wellness spa","Broad",80.457,"Gun","","Legal work experience but no law degree","Liberal/Democrat","Gun",1
"R_8OktNAkTx5mQNoq",10,"phrasal","Any “machine” including a small sewing machine","Broad",54.317,"Sewing machine","","No legal education or work experience","Lean Liberal","Sewing machine",1
"R_7fOFWgaxoUVR5qh",6,"phrasal","“Waste” that could attract animals like food or drinks","Restricted",41.921,"At the campground","I am a police officer for the National Park Service in an area with many bears. Letter of the law may be ambiguous but spirit of the law is clearly food/drink-scented waste. A bear is not going to eat wrapping paper. Probably still best practice to put it away though. ","Other (please specify)","Lean Liberal","At the campground",1
"R_7nksIzL83xRQ4Cd",4,"simple","Any “relinquishment” including a temporary lease","Broad",27.925,"Power plant","","No legal education or work experience","Liberal/Democrat","Power plant",1
"R_52OSD1tp7G7yNrH",7,"simple","Any “detailed representations” including an intricate painting","Broad",63.999,"Joshua","","No legal education or work experience","Lean Conservative","Joshua",1
"R_6kFz0Dm7QhIGtOT",6,"phrasal","Any “waste” including used gift-wrapping paper","Broad",53.847,"At the campground","","No legal education or work experience","Liberal/Democrat","At the campground",1
"R_7rYkDRFqkzPK7Tr",11,"phrasal","Digital “electronic devices” like phones or tablets","Restricted",57.8,"Nicholas","","Some law-related coursework","Liberal/Democrat","Nicholas",1
"R_7JokY2G0EgA4d5n",10,"simple","Any “machine” including a small sewing machine","Broad",31.015,"Sewing machine","","No legal education or work experience","Conservative/Republican","Sewing machine",1
"R_1K9n8COOplNCmPa",9,"simple","Promotional “signs” like advertisements or flyers","Restricted",18.622,"IT","","Legal work experience but no law degree","Progressive (most liberal)","IT",1
"R_1P7xh5m4M9uVjMC",1,"phrasal","Any “educational benefit” including a housing subsidy paid to the student’s landlord","Broad",35.152,"Housing subsidy","","No legal education or work experience","Liberal/Democrat","Housing subsidy",1
"R_103ZiWpQpM4kqdP",1,"phrasal","Any “educational benefit” including a housing subsidy paid to the student’s landlord","Broad",54.277,"Housing subsidy","No issues with this study. Thank you","Other (please specify)","Conservative/Republican","Housing subsidy",1
"R_1Mhu4ReOcVcr7EA",8,"phrasal","Utility “tanks” like fuel storage or septic systems","Restricted",34.339,"An aquarium","","No legal education or work experience","Liberal/Democrat","An aquarium",1
"R_799xxqbfy8jWjJf",10,"baseline","Any “machine” including a small sewing machine","Broad",13.526,"Washing machine","","No legal education or work experience","Lean Conservative","Sewing machine",0
"R_1t5LfLcCf4k7Pa6",3,"simple","Medical “clinics” that are like hospitals or urgent care centers","Restricted",19.029,"Gun","","No legal education or work experience","Moderate/Centrist","Gun",1
"R_1Olw1ij8FmKy0hF",9,"baseline","Promotional “signs” like advertisements or flyers","Restricted",23.708,"IT","","No legal education or work experience","Lean Liberal","IT",1
"R_51ZXvYdLcbPUpzP",1,"baseline","Any “educational benefit” including a housing subsidy paid to the student’s landlord","Broad",21.017,"Housing subsidy","","No legal education or work experience","Progressive (most liberal)","Housing subsidy",1
"R_6cjBpOAzX2NBWVq",8,"phrasal","Any “tank” including a fish tank","Broad",42.744,"An aquarium","Thanks for the opportunity. These surveys keep my mind active and I make a few dollars a month. Thank you.","No legal education or work experience","Moderate/Centrist","An aquarium",1
"R_3U0f1zuDb21KMic",7,"simple","Architectural “detailed representations” like blueprints and technical drawings","Restricted",30.418,"Joshua","","No legal education or work experience","Progressive (most liberal)","Joshua",1
"R_11JDq4DJ43OvuEN",5,"simple","A highly secure “closed and fastened case” that is like a gunbox or a securely tied package","Restricted",64.267,"In her purse","","No legal education or work experience","Lean Conservative","In her purse",1
"R_1NDgUFleR0n8IPB",11,"phrasal","Digital “electronic devices” like phones or tablets","Restricted",20.012,"Nicholas","","No legal education or work experience","Lean Liberal","Nicholas",1
"R_3sZlHcGs2A0Mhlw",9,"phrasal","Any “sign” including a happy birthday banner","Broad",22.483,"IT","","No legal education or work experience","Moderate/Centrist","IT",1
"R_32PjPx88FfM4ZeM",8,"simple","Utility “tanks” like fuel storage or septic systems","Restricted",23.793,"A pet store","","No legal education or work experience","Lean Conservative","An aquarium",0
"R_19tyoq6I2ob1xLS",12,"phrasal","Any “vehicle” including a bicycle","Broad",32.138,"Bicycle","No comments","No legal education or work experience","Moderate/Centrist","Bicycle",1
"R_72tQ2XFZINPrE59",3,"baseline","Any “clinic” including a wellness spa","Broad",13.021,"Gun","","No legal education or work experience","Progressive (most liberal)","Gun",1
"R_31dBEcSXXnvYH9r",7,"phrasal","Any “detailed representations” including an intricate painting","Broad",31.499,"Joshua","","No legal education or work experience","Liberal/Democrat","Joshua",1
"R_6BmUZwAHmgfQDzV",10,"phrasal","Loud “machines” like washers or dryers","Restricted",19.611,"Sewing machine","","No legal education or work experience","Progressive (most liberal)","Sewing machine",1
"R_5lGKj54t0PAIdFq",5,"phrasal","Any kind of “closed and fastened case” including a purse","Broad",34.488,"In her purse","","No legal education or work experience","Progressive (most liberal)","In her purse",1
"R_7M548kM0dOJKNAK",4,"simple","Any “relinquishment” including a temporary lease","Broad",116.341,"Power plant","","Some law-related coursework","Lean Liberal","Power plant",1
"R_6rOiyiKTJnZ09QH",12,"baseline","Any “vehicle” including a bicycle","Broad",15.534,"Bicycle","","No legal education or work experience","Liberal/Democrat","Bicycle",1
"R_6P2qN5ut12NKS2J",12,"simple","“Vehicles” with engines like cars or trucks","Restricted",19.378,"Bicycle","","Legal work experience but no law degree","Lean Conservative","Bicycle",1
"R_7iXoONVLixbNTcd",2,"simple","Direct, intentional “harms” that are like hunting and shooting","Restricted",38.926,"Orca","","No legal education or work experience","Lean Liberal","Orca",1
"R_7CP9eU0QVufJONz",5,"baseline","A highly secure “closed and fastened case” that is like a gunbox or a securely tied package","Restricted",57.646,"In her purse","","No legal education or work experience","Conservative/Republican","In her purse",1
"R_5PUVYsATGVM32s9",2,"baseline","Any “harm” including a skin rash resulting from neglect","Broad",16.249,"Orca","","No legal education or work experience","Liberal/Democrat","Orca",1
"R_5pPD5ewSSKKruoQ",8,"baseline","Any “tank” including a fish tank","Broad",44.738,"An aquarium","All good.","Legal work experience but no law degree","Conservative/Republican","An aquarium",1
"R_6m8BRFd4ZhilFe1",4,"baseline","Permanent “relinquishment” which is like abandoning or demolishing","Restricted",55.799,"Power plant","","No legal education or work experience","Lean Conservative","Power plant",1
"R_6vY1NBDD2lEqvIF",1,"baseline","Any “educational benefit” including a housing subsidy paid to the student’s landlord","Broad",45.474,"Housing subsidy","","No legal education or work experience","Right-wing (most conservative)","Housing subsidy",1
"R_3jVVDZ8bw2YfTfd",3,"baseline","Medical “clinics” that are like hospitals or urgent care centers","Restricted",27.497,"Gun","The definition of clinic needs to be addressed in order to actually defend one's choice. However, I do not consider wellness spas to fall under a clinic umbrela. Hence my answer. I feel the law would be in place to protect clinics like Abortion clinics. Wellness spa is not even close to this type of clinic and would therefore not need protection from citizens legally allowed to carry concealed weapons. If this is actuall read and you want to respond please do. Otherwise thanks, I enjoyed this survey.","Other (please specify)","Moderate/Centrist","Gun",1
"R_6MyfpafCB77b2WA",6,"baseline","Any “waste” including used gift-wrapping paper","Broad",62.046,"At the campground","","No legal education or work experience","Progressive (most liberal)","At the campground",1
"R_6CI7tnENl8u1SG3",11,"phrasal","Digital “electronic devices” like phones or tablets","Restricted",18.392,"Nicholas","","No legal education or work experience","Liberal/Democrat","Nicholas",1
"R_1PjrnUQO5EkMnAn",2,"baseline","Any “harm” including a skin rash resulting from neglect","Broad",14.882,"Orca","Thank you for the opportunity! It was a fun survey! :D","No legal education or work experience","Progressive (most liberal)","Orca",1
"R_1rJnYqphNZ8VLru",1,"simple","Any “educational benefit” including a housing subsidy paid to the student’s landlord","Broad",35.201,"Housing subsidy","","Current law student","Moderate/Centrist","Housing subsidy",1
"R_5xFcDKWF4juMeyD",1,"baseline","Any “educational benefit” including a housing subsidy paid to the student’s landlord","Broad",33.605,"Housing subsidy","","No legal education or work experience","Liberal/Democrat","Housing subsidy",1
"R_17IzxSZpNzYuTn3",6,"simple","Any “waste” including used gift-wrapping paper","Broad",16.873,"At the campground","","No legal education or work experience","Liberal/Democrat","At the campground",1
"R_7MFibqOSZ0aLxlW",12,"simple","“Vehicles” with engines like cars or trucks","Restricted",28.153,"Bicycle","","Some law-related coursework","Conservative/Republican","Bicycle",1
"R_7NEYo1V4agUyLEO",4,"baseline","Any “relinquishment” including a temporary lease","Broad",27.384,"Power plant","","No legal education or work experience","Liberal/Democrat","Power plant",1
"R_1mVz3weHW9iGkzD",11,"simple","Any “electronic devices” including a small battery-power fan","Broad",71.351,"Nicholas","","Legal work experience but no law degree","Progressive (most liberal)","Nicholas",1
"R_1WPDmASTlHMQDu7",8,"simple","Utility “tanks” like fuel storage or septic systems","Restricted",27.464,"An aquarium","","No legal education or work experience","Progressive (most liberal)","An aquarium",1
"R_3pFGSYBeYlEn2Ju",12,"baseline","“Vehicles” with engines like cars or trucks","Restricted",23.718,"Bicycle","","No legal education or work experience","Moderate/Centrist","Bicycle",1
"R_3QY5hdJC71AO6Ir",10,"simple","Loud “machines” like washers or dryers","Restricted",29.881,"Sewing machine","","No legal education or work experience","Liberal/Democrat","Sewing machine",1
"R_9H7SSrCGpgWFJWu",3,"phrasal","Medical “clinics” that are like hospitals or urgent care centers","Restricted",27.484,"Gun","n/a","No legal education or work experience","Moderate/Centrist","Gun",1
"R_5ptcaXTsjhB4QbQ",6,"phrasal","“Waste” that could attract animals like food or drinks","Restricted",72.366,"At the campground","Thank you for the opportunity to complete this experiment.","Some law-related coursework","Lean Liberal","At the campground",1
"R_5sj0DDHI0eYQqpb",2,"simple","Any “harm” including a skin rash resulting from neglect","Broad",30.579,"Orca","","Other (please specify)","Lean Conservative","Orca",1
"R_7TFuRSp8k7z7JtE",3,"baseline","Any “clinic” including a wellness spa","Broad",51.632,"Gun","","No legal education or work experience","Moderate/Centrist","Gun",1
"R_5fyFLiz8h8IoCEp",6,"phrasal","“Waste” that could attract animals like food or drinks","Restricted",80.371,"At the campground","","No legal education or work experience","Lean Liberal","At the campground",1
"R_3LeeEsDGBBs3Y6R",11,"baseline","Digital “electronic devices” like phones or tablets","Restricted",12.324,"Nicholas","I think this is a problemati rule but if you want something in place you should amplify or make more specific with detail. For example, 'The dining hall is a social space and digital devices that disturb other people's conversations' or something like that.  Because what about watches, pacemakers, people with ADHD or just anyone who needs a ping/reminder to get to class on time after lunch?","Legal work experience but no law degree","Lean Liberal","Nicholas",1
"R_6vjs5zF3s8i8QRK",11,"baseline","Digital “electronic devices” like phones or tablets","Restricted",23.468,"Nicholas","","No legal education or work experience","Moderate/Centrist","Nicholas",1
"R_5eUHfRb96tQsIot",10,"phrasal","Loud “machines” like washers or dryers","Restricted",42.883,"Sewing machine","","No legal education or work experience","Progressive (most liberal)","Sewing machine",1
"R_1HNqRJdPXrxmzac",10,"phrasal","Any “machine” including a small sewing machine","Broad",29.176,"Sewing machine","","No legal education or work experience","Conservative/Republican","Sewing machine",1
"R_18G06TFyAeLY3lL",6,"baseline","Any “waste” including used gift-wrapping paper","Broad",43.215,"At the campground","","No legal education or work experience","Liberal/Democrat","At the campground",1
"R_6rSl2d9Ju86a7HO",7,"phrasal","Any “detailed representations” including an intricate painting","Broad",30.33,"Joshua","No comments","No legal education or work experience","Moderate/Centrist","Joshua",1
"R_7X1GYAAklc243xM",4,"simple","Permanent “relinquishment” which is like abandoning or demolishing","Restricted",59.572,"Power plant","Thank you!","No legal education or work experience","Progressive (most liberal)","Power plant",1
"R_1F9XBuM91gLszu7",5,"phrasal","Any kind of “closed and fastened case” including a purse","Broad",93.753,"In her purse","","No legal education or work experience","Liberal/Democrat","In her purse",1
"R_6ObTu7OqpL1r4B3",4,"phrasal","Permanent “relinquishment” which is like abandoning or demolishing","Restricted",178.583,"Power plant","Na","No legal education or work experience","Moderate/Centrist","Power plant",1
"R_7g8tVmhCQvapAjq",7,"baseline","Architectural “detailed representations” like blueprints and technical drawings","Restricted",46.725,"Joshua","","No legal education or work experience","Progressive (most liberal)","Joshua",1
"R_1exKBox4hFq8uOw",9,"simple","Any “sign” including a happy birthday banner","Broad",23.217,"HR","","No legal education or work experience","Liberal/Democrat","IT",0
"R_5SrWtliRMP0w6id",11,"baseline","Any “electronic devices” including a small battery-power fan","Broad",44.587,"Nicholas","Thanks for the opportunity to participate!","No legal education or work experience","Progressive (most liberal)","Nicholas",1
"R_1JaAEAwRT6hMPo4",2,"simple","Any “harm” including a skin rash resulting from neglect","Broad",71.878,"Orca","thoughtful survey","Some law-related coursework","Liberal/Democrat","Orca",1
"R_1eh8NWCbu7plWYF",11,"simple","Any “electronic devices” including a small battery-power fan","Broad",31.61,"Nicholas","","No legal education or work experience","Lean Liberal","Nicholas",1
"R_6jGAF61TEwqOr6N",1,"phrasal","“Educational benefits” like stipends and salaries that go into the student’s pocket","Restricted",21.723,"Housing subsidy","","No legal education or work experience","Lean Liberal","Housing subsidy",1
"R_7qHCNX67sGjRjwu",1,"simple","Any “educational benefit” including a housing subsidy paid to the student’s landlord","Broad",27.919,"Housing subsidy","none","No legal education or work experience","Progressive (most liberal)","Housing subsidy",1
"R_1zbWNmQsA8fwiC1",7,"simple","Any “detailed representations” including an intricate painting","Broad",93.55,"Joshua","","No legal education or work experience","Liberal/Democrat","Joshua",1
"R_77m1VgaWgZgymZo",12,"phrasal","Any “vehicle” including a bicycle","Broad",21.6,"Bicycle","Thank you! Good luck with your research! ","Some law-related coursework","Moderate/Centrist","Bicycle",1
"R_1eVBjpJlgXJdyeJ",12,"phrasal","“Vehicles” with engines like cars or trucks","Restricted",19.64,"Bicycle","","No legal education or work experience","Liberal/Democrat","Bicycle",1
"R_1pGNWBMR0PDn3Sr",1,"phrasal","“Educational benefits” like stipends and salaries that go into the student’s pocket","Restricted",34.064,"Housing subsidy","","No legal education or work experience","Liberal/Democrat","Housing subsidy",1
"R_6mHs3Sm3y5seEOR",10,"baseline","Any “machine” including a small sewing machine","Broad",36.895,"Sewing machine","","No legal education or work experience","Lean Conservative","Sewing machine",1
"R_3KwHuVDQ6BzMPvR",5,"baseline","A highly secure “closed and fastened case” that is like a gunbox or a securely tied package","Restricted",49.257,"In her purse","","No legal education or work experience","Lean Conservative","In her purse",1
"R_1rcvsrUh4LVKnHr",10,"baseline","Loud “machines” like washers or dryers","Restricted",27.495,"Sewing machine","","No legal education or work experience","Lean Conservative","Sewing machine",1
"R_5dERlEjUkLNVghQ",11,"phrasal","Digital “electronic devices” like phones or tablets","Restricted",31.426,"Nicholas","","No legal education or work experience","Conservative/Republican","Nicholas",1
"R_6w1doeUmDdhsJ1H",4,"phrasal","Any “relinquishment” including a temporary lease","Broad",92.228,"Power plant","","No legal education or work experience","Lean Conservative","Power plant",1
"R_3Ygj1GebEOOHyYb",1,"baseline","Any “educational benefit” including a housing subsidy paid to the student’s landlord","Broad",29.462,"Housing subsidy","No comments ","No legal education or work experience","Progressive (most liberal)","Housing subsidy",1
"R_1P5cHjko1I4pVcM",3,"simple","Any “clinic” including a wellness spa","Broad",139.385,"Gun","","No legal education or work experience","Liberal/Democrat","Gun",1
"R_3YDHSkhFnT9JhoZ",12,"baseline","Any “vehicle” including a bicycle","Broad",24.853,"Bicycle","","No legal education or work experience","Moderate/Centrist","Bicycle",1
"R_5vOnND7b12REKhX",2,"baseline","Any “harm” including a skin rash resulting from neglect","Broad",14.552,"Orca","","No legal education or work experience","Right-wing (most conservative)","Orca",1
"R_6jIzqzeSxGkS92s",8,"baseline","Utility “tanks” like fuel storage or septic systems","Restricted",116.444,"An aquarium","","No legal education or work experience","Lean Conservative","An aquarium",1
"R_6CIQo6uAAPL4sHr",9,"phrasal","Any “sign” including a happy birthday banner","Broad",24.31,"IT","N/A","No legal education or work experience","Lean Conservative","IT",1
"R_5fvo3x3f2luF1mK",8,"baseline","Utility “tanks” like fuel storage or septic systems","Restricted",26.423,"An aquarium","","No legal education or work experience","Conservative/Republican","An aquarium",1
"R_5hKKMQSuQheABk7",4,"baseline","Any “relinquishment” including a temporary lease","Broad",44.024,"Power plant","","No legal education or work experience","Conservative/Republican","Power plant",1
"R_6IZhfOhom5oYQE2",8,"simple","Any “tank” including a fish tank","Broad",41.134,"An aquarium","Thank you","No legal education or work experience","Conservative/Republican","An aquarium",1
"R_6fd8CCf4HJQUop5",12,"simple","“Vehicles” with engines like cars or trucks","Restricted",24.962,"Bicycle","","No legal education or work experience","Moderate/Centrist","Bicycle",1
"R_6lWg47fjlgFjZ4R",11,"simple","Digital “electronic devices” like phones or tablets","Restricted",34.703,"Nicholas","","No legal education or work experience","Right-wing (most conservative)","Nicholas",1
"R_3lQ8MARSkgnpsaY",5,"simple","A highly secure “closed and fastened case” that is like a gunbox or a securely tied package","Restricted",96.927,"In her purse","","Some law-related coursework","Lean Liberal","In her purse",1
"R_6hDWTe3ZrGACmhW",3,"phrasal","Any “clinic” including a wellness spa","Broad",57.133,"Gun","","No legal education or work experience","Moderate/Centrist","Gun",1
"R_1vhLXv5nuFol150",8,"phrasal","Utility “tanks” like fuel storage or septic systems","Restricted",52.586,"An aquarium","My first thought, before reading about the fish tank, was that it was a poorly worded ordinance and that ""tank"" shpuld have been defined.","No legal education or work experience","Lean Liberal","An aquarium",1
"R_7padEPashoZoFrz",2,"phrasal","Any “harm” including a skin rash resulting from neglect","Broad",25.565,"Orca","","No legal education or work experience","Liberal/Democrat","Orca",1
"R_6QRkwlBLHYiaTmF",1,"baseline","“Educational benefits” like stipends and salaries that go into the student’s pocket","Restricted",110.915,"Housing subsidy","This was very fun!","Current law student","Lean Conservative","Housing subsidy",1
"R_3Q5vgWUMMmMQ8Z8",2,"phrasal","Direct, intentional “harms” that are like hunting and shooting","Restricted",67.969,"Orca","","No legal education or work experience","Conservative/Republican","Orca",1
"R_3sbXS3t80a4oeSl",3,"simple","Any “clinic” including a wellness spa","Broad",23.285,"Gun","","No legal education or work experience","Progressive (most liberal)","Gun",1
"R_1ewvtjV6Eip6AJy",1,"simple","Any “educational benefit” including a housing subsidy paid to the student’s landlord","Broad",37.715,"Housing subsidy","","No legal education or work experience","Progressive (most liberal)","Housing subsidy",1
"R_36pBOWmgVj9Df4R",7,"simple","Any “detailed representations” including an intricate painting","Broad",77.99,"Joshua","none","No legal education or work experience","Liberal/Democrat","Joshua",1
"R_5QlXWxdeddNEJ2w",6,"simple","Any “waste” including used gift-wrapping paper","Broad",52.384,"At the campground","","No legal education or work experience","Moderate/Centrist","At the campground",1
"R_6onWKdoDxEbLNI1",8,"phrasal","Any “tank” including a fish tank","Broad",16.871,"An aquarium","","No legal education or work experience","Lean Conservative","An aquarium",1
"R_5cXtXuqdW0tw7jr",4,"phrasal","Any “relinquishment” including a temporary lease","Broad",18.919,"Power plant","","No legal education or work experience","Liberal/Democrat","Power plant",1
"R_57aLOx6JOkCEEut",4,"simple","Any “relinquishment” including a temporary lease","Broad",87.089,"Power plant","","No legal education or work experience","Liberal/Democrat","Power plant",1
"R_3Pw40eBtxGJ72Sg",7,"baseline","Architectural “detailed representations” like blueprints and technical drawings","Restricted",26.903,"Joshua","","No legal education or work experience","Liberal/Democrat","Joshua",1
"R_7IygvkXNNGAiQrn",6,"phrasal","“Waste” that could attract animals like food or drinks","Restricted",37.171,"At the campground","","No legal education or work experience","Liberal/Democrat","At the campground",1
"R_5Yc5ce05F10SLOG",5,"phrasal","A highly secure “closed and fastened case” that is like a gunbox or a securely tied package","Restricted",57.012,"In her purse","","No legal education or work experience","Lean Conservative","In her purse",1
"R_5LYYDfKcEEfax0E",5,"simple","A highly secure “closed and fastened case” that is like a gunbox or a securely tied package","Restricted",49.615,"In her purse","I like this premise. I'm not the type of progressive that wants all guns taken away though. If you go far enough left, you get them back :)","Some law-related coursework","Progressive (most liberal)","In her purse",1
"R_7InI0aXCBe4wnAl",7,"phrasal","Architectural “detailed representations” like blueprints and technical drawings","Restricted",35.761,"Bill","","Some law-related coursework","Liberal/Democrat","Joshua",0
"R_3QLST95tDYoOjIA",6,"baseline","“Waste” that could attract animals like food or drinks","Restricted",20.218,"At the campground","Rules that are pointless are very annoying!","No legal education or work experience","Moderate/Centrist","At the campground",1
"R_7hYKohmmrSVi5Lg",9,"simple","Any “sign” including a happy birthday banner","Broad",24.459,"IT","","No legal education or work experience","Progressive (most liberal)","IT",1
"R_1svGBqP9oU5BHqw",12,"baseline","“Vehicles” with engines like cars or trucks","Restricted",28.49,"Bicycle","","No legal education or work experience","Progressive (most liberal)","Bicycle",1
"R_5hSVg8Ms79WCpyF",3,"baseline","Any “clinic” including a wellness spa","Broad",28.121,"Gun","Clear and concise ","No legal education or work experience","Moderate/Centrist","Gun",1
"R_1N3P1RsdO2YtwUV",11,"simple","Digital “electronic devices” like phones or tablets","Restricted",22.399,"Nicholas","","No legal education or work experience","Moderate/Centrist","Nicholas",1
"R_5WQljmuCZ6R5maR",10,"simple","Any “machine” including a small sewing machine","Broad",52.781,"Sewing machine","Good luck with your research!","No legal education or work experience","Liberal/Democrat","Sewing machine",1
"R_6FS3F8nrIDGWOJC",9,"baseline","Any “sign” including a happy birthday banner","Broad",43.761,"IT","thank you","Some law-related coursework","Moderate/Centrist","IT",1
"R_1TY79RdQ1EVNkeL",11,"phrasal","Digital “electronic devices” like phones or tablets","Restricted",17.074,"Nicholas","","No legal education or work experience","Progressive (most liberal)","Nicholas",1
"R_5enM0L4sbtlaEoh",5,"simple","A highly secure “closed and fastened case” that is like a gunbox or a securely tied package","Restricted",21.623,"In her purse","i like the fact pattern and the analysis it required","Licensed attorney","Lean Conservative","In her purse",1
"R_3qBG6atGb4DLPDF",4,"phrasal","Any “relinquishment” including a temporary lease","Broad",35.069,"Power plant","","Some law-related coursework","Progressive (most liberal)","Power plant",1
"R_1qjKr8TLYg8e6ja",2,"phrasal","Any “harm” including a skin rash resulting from neglect","Broad",19.811,"Orca","","No legal education or work experience","Progressive (most liberal)","Orca",1
"R_7jYXJyZ10jnx5DC",12,"simple","“Vehicles” with engines like cars or trucks","Restricted",65.613,"Bicycle","","No legal education or work experience","Lean Liberal","Bicycle",1
"R_5oGrOuuhk32NMhb",2,"simple","Any “harm” including a skin rash resulting from neglect","Broad",45.045,"Orca","","No legal education or work experience","Progressive (most liberal)","Orca",1
"R_7GB5NqbMWtQ89di",1,"phrasal","Any “educational benefit” including a housing subsidy paid to the student’s landlord","Broad",49.884,"Housing subsidy","","No legal education or work experience","Liberal/Democrat","Housing subsidy",1
"R_3dnyTgwU1YMeI8P",4,"simple","Permanent “relinquishment” which is like abandoning or demolishing","Restricted",55.161,"Power plant","","No legal education or work experience","Lean Conservative","Power plant",1
"R_1gXyfcfq5sQKF3k",5,"phrasal","A highly secure “closed and fastened case” that is like a gunbox or a securely tied package","Restricted",42.892,"In her purse","","No legal education or work experience","Lean Liberal","In her purse",1
"R_3f8bcjLetDnZRlM",10,"baseline","Any “machine” including a small sewing machine","Broad",41.075,"Sewing machine","","No legal education or work experience","Progressive (most liberal)","Sewing machine",1
"R_10dbweJcBzmGqm4",9,"phrasal","Any “sign” including a happy birthday banner","Broad",60.258,"IT","","No legal education or work experience","Right-wing (most conservative)","IT",1
"R_1Ja2ijtfaTn584x",3,"simple","Medical “clinics” that are like hospitals or urgent care centers","Restricted",22.41,"Gun","","No legal education or work experience","Liberal/Democrat","Gun",1
"R_1zIN6n7tk6u0enT",10,"simple","Any “machine” including a small sewing machine","Broad",15.376,"Sewing machine","","No legal education or work experience","Liberal/Democrat","Sewing machine",1
"R_6xRFAIjYobdrzix",6,"phrasal","Any “waste” including used gift-wrapping paper","Broad",98.686,"At the campground","no comment","No legal education or work experience","Lean Liberal","At the campground",1
"R_1CNGs0etxGAsbgu",11,"baseline","Digital “electronic devices” like phones or tablets","Restricted",20.438,"Nicholas","I don't have any","No legal education or work experience","Progressive (most liberal)","Nicholas",1
"R_6EjmESu2ro9YEZA",2,"baseline","Any “harm” including a skin rash resulting from neglect","Broad",22.685,"Orca","","No legal education or work experience","Lean Liberal","Orca",1
"R_6xwP3j3tzWCDCBY",3,"baseline","Medical “clinics” that are like hospitals or urgent care centers","Restricted",34.991,"Gun","","No legal education or work experience","Lean Conservative","Gun",1
"R_6dJWK1pIZnHX3Dr",5,"baseline","Any kind of “closed and fastened case” including a purse","Broad",32.2,"In her purse","None","No legal education or work experience","Moderate/Centrist","In her purse",1
"R_16qGx507iCumLTz",12,"phrasal","“Vehicles” with engines like cars or trucks","Restricted",42.001,"Bicycle","Without having looked at the official definition of vehicle, my assumption is that a bicycle (or skateboard) doesn't classify as a vehicle, does it? Anyway, thanks for the opportunity","No legal education or work experience","Moderate/Centrist","Bicycle",1
"R_3nC66KBrVOkI84F",7,"simple","Any “detailed representations” including an intricate painting","Broad",48.869,"Joshua","","No legal education or work experience","Progressive (most liberal)","Joshua",1
"R_3AWPPjO2epn7OXe",1,"simple","“Educational benefits” like stipends and salaries that go into the student’s pocket","Restricted",64.871,"Housing subsidy","","No legal education or work experience","Right-wing (most conservative)","Housing subsidy",1
"R_3fhrl9iQEwA5EZz",9,"baseline","Any “sign” including a happy birthday banner","Broad",26.281,"IT","","No legal education or work experience","Liberal/Democrat","IT",1
"R_5wQtpqNeMMmaT5P",6,"baseline","“Waste” that could attract animals like food or drinks","Restricted",10.607,"At the campground","","No legal education or work experience","Progressive (most liberal)","At the campground",1
"R_6M4IMawZ8nhak3Z",8,"simple","Any “tank” including a fish tank","Broad",18.885,"An aquarium","","No legal education or work experience","Progressive (most liberal)","An aquarium",1
"R_7F51B7R1UPtLzAl",8,"baseline","Utility “tanks” like fuel storage or septic systems","Restricted",7.149,"An aquarium","na","Other (please specify)","Conservative/Republican","An aquarium",1
"R_6jjJl3yiSpEpXO3",5,"baseline","Any kind of “closed and fastened case” including a purse","Broad",44.215,"In her purse","The reason why I answered that it could be included in her purse (even though I personally do not agree) it's because law's are usually written in an extremely specific way, but this particular law was broad and essentially open to interpretation. Technically a purse is a sealable (usually) container that the pistol could be inside. However, usually laws are written with clear examples, or they will say something like ""Weapons must be concealed with professional and officially sanctioned containers in order to be carried (Ex. Carrying case, metal latched container,)"" At least, I think that would be right. Thank you.","No legal education or work experience","Moderate/Centrist","In her purse",1
"R_7CCrBEaUqtqZv47",8,"baseline","Any “tank” including a fish tank","Broad",23.282,"An aquarium","","No legal education or work experience","Moderate/Centrist","An aquarium",1
"R_6wpNJOJctcQjk40",3,"phrasal","Any “clinic” including a wellness spa","Broad",27.758,"Gun","","No legal education or work experience","Moderate/Centrist","Gun",1
"R_5t3xnG7jxycMlPP",10,"baseline","Loud “machines” like washers or dryers","Restricted",16.117,"Sewing machine","","No legal education or work experience","Progressive (most liberal)","Sewing machine",1
"R_7m8ZbsLwWUTX4uR",7,"baseline","Any “detailed representations” including an intricate painting","Broad",22.971,"Joshua","","No legal education or work experience","Lean Conservative","Joshua",1
"R_6qgGtYhh9A3jOhQ",11,"simple","Digital “electronic devices” like phones or tablets","Restricted",26.553,"William","","No legal education or work experience","Lean Conservative","Nicholas",0
"R_1IWdjR8weyRQkkI",6,"baseline","Any “waste” including used gift-wrapping paper","Broad",60.931,"At the campground","","No legal education or work experience","Lean Liberal","At the campground",1
"R_6kiaegZWYoAENfX",4,"baseline","Any “relinquishment” including a temporary lease","Broad",44.697,"Power plant","","No legal education or work experience","Liberal/Democrat","Power plant",1
"R_5qxD2GsJ8atPFDp",11,"phrasal","Any “electronic devices” including a small battery-power fan","Broad",46.447,"Nicholas","","No legal education or work experience","Liberal/Democrat","Nicholas",1
"R_3lYX75Pwk40jPxe",5,"baseline","Any kind of “closed and fastened case” including a purse","Broad",78.797,"In her purse","","No legal education or work experience","Lean Liberal","In her purse",1
"R_5uF1I8tJvWr1aqE",4,"baseline","Any “relinquishment” including a temporary lease","Broad",38.956,"Power plant","no thank you","No legal education or work experience","Conservative/Republican","Power plant",1
"R_3PMLztA7W6K6J1E",4,"phrasal","Permanent “relinquishment” which is like abandoning or demolishing","Restricted",36.657,"Power plant","","No legal education or work experience","Liberal/Democrat","Power plant",1
"R_5CgoTJ4pkkkDq2m",3,"simple","Any “clinic” including a wellness spa","Broad",36.678,"Gun","","No legal education or work experience","Liberal/Democrat","Gun",1
"R_74w9ex9lM0RUWWU",1,"baseline","Any “educational benefit” including a housing subsidy paid to the student’s landlord","Broad",31.993,"Housing subsidy","","No legal education or work experience","Conservative/Republican","Housing subsidy",1
"R_7shwCUpEiRRxQaX",4,"simple","Permanent “relinquishment” which is like abandoning or demolishing","Restricted",68.25,"Power plant","","No legal education or work experience","Liberal/Democrat","Power plant",1
"R_58OJJGNgzvJay95",12,"phrasal","“Vehicles” with engines like cars or trucks","Restricted",9.003,"Bicycle","","Some law-related coursework","Lean Liberal","Bicycle",1
"R_72mrZEWFyPTbw1N",11,"baseline","Any “electronic devices” including a small battery-power fan","Broad",34.593,"Nicholas","","No legal education or work experience","Liberal/Democrat","Nicholas",1
"R_5uawwBFT6ph2Hp7",9,"simple","Promotional “signs” like advertisements or flyers","Restricted",15.554,"IT","","No legal education or work experience","Liberal/Democrat","IT",1
"R_7mh0L7C0K5qVQwd",12,"simple","“Vehicles” with engines like cars or trucks","Restricted",42.175,"Bicycle","None","No legal education or work experience","Lean Liberal","Bicycle",1
"R_5v62GCuHkiQ624d",1,"simple","“Educational benefits” like stipends and salaries that go into the student’s pocket","Restricted",22.837,"Housing subsidy","","No legal education or work experience","Moderate/Centrist","Housing subsidy",1
"R_5s1ycY79XEqPqhQ",6,"simple","“Waste” that could attract animals like food or drinks","Restricted",108.999,"At the campground","","No legal education or work experience","Moderate/Centrist","At the campground",1
"R_5VIPOXo7e94YQ7M",10,"phrasal","Any “machine” including a small sewing machine","Broad",26.32,"Sewing machine","none","No legal education or work experience","Liberal/Democrat","Sewing machine",1
"R_3uQh0uUFdbRjtBK",7,"phrasal","Architectural “detailed representations” like blueprints and technical drawings","Restricted",24.394,"Joshua","","No legal education or work experience","Moderate/Centrist","Joshua",1
"R_5TGBILgf4Slgmb5",12,"baseline","“Vehicles” with engines like cars or trucks","Restricted",27.369,"Bicycle","","Legal work experience but no law degree","Progressive (most liberal)","Bicycle",1
"R_7A1iswuF8a0oYoB",2,"simple","Direct, intentional “harms” that are like hunting and shooting","Restricted",22.689,"Orca","","Some law-related coursework","Conservative/Republican","Orca",1
"R_6pMhzOn3Ox1PhYo",8,"phrasal","Utility “tanks” like fuel storage or septic systems","Restricted",22.286,"An aquarium","","Some law-related coursework","Liberal/Democrat","An aquarium",1
"R_6nmTd5E4VHURTBn",2,"phrasal","Direct, intentional “harms” that are like hunting and shooting","Restricted",28.72,"Orca","","No legal education or work experience","Right-wing (most conservative)","Orca",1
"R_1Se2G423irydE6R",3,"baseline","Any “clinic” including a wellness spa","Broad",22.828,"Gun","","Some law-related coursework","Lean Liberal","Gun",1
"R_7QAFxgpBv76jneP",8,"phrasal","Any “tank” including a fish tank","Broad",79.619,"An aquarium","Fun study, thank you!","No legal education or work experience","Liberal/Democrat","An aquarium",1
"R_5L1OYNzvkT3oUTa",9,"phrasal","Any “sign” including a happy birthday banner","Broad",33.613,"Sales","","No legal education or work experience","Progressive (most liberal)","IT",0
"R_7n17hzbNKeYtIwp",6,"simple","“Waste” that could attract animals like food or drinks","Restricted",62.628,"At the campground","","No legal education or work experience","Progressive (most liberal)","At the campground",1
"R_5oGQOxsqKIBk1GP",1,"phrasal","Any “educational benefit” including a housing subsidy paid to the student’s landlord","Broad",38.575,"Housing subsidy","","No legal education or work experience","Moderate/Centrist","Housing subsidy",1
"R_7QzWnwCQm2ZRuBZ",6,"phrasal","Any “waste” including used gift-wrapping paper","Broad",67.21,"At the campground","","No legal education or work experience","Liberal/Democrat","At the campground",1
"R_3nyYrFjhdNx870l",10,"simple","Loud “machines” like washers or dryers","Restricted",16.594,"Sewing machine","","No legal education or work experience","Progressive (most liberal)","Sewing machine",1
"R_32G9YXPEshOTaaK",7,"phrasal","Any “detailed representations” including an intricate painting","Broad",30.509,"Joshua","The question is thought provoking and would be interesting to see how others interpret the rule","Some law-related coursework","Liberal/Democrat","Joshua",1
"R_6jPUmL7PqECDoMR",5,"phrasal","Any kind of “closed and fastened case” including a purse","Broad",39.592,"In her purse","I think that someone accusing her of breaking the law is going by their own personal opinion. What if it were a man who purchased the gun and placed it in his briefcase? The law should be more defined, so it's not left to personal interpretation of the type of case","No legal education or work experience","Liberal/Democrat","In her purse",1
"R_51TN8UEELh3KlJ7",3,"phrasal","Any “clinic” including a wellness spa","Broad",28.606,"Gun","Nothing to add.  Good luck with your research.","No legal education or work experience","Lean Liberal","Gun",1
"R_7JJ9kfdVyO3kyjJ",7,"baseline","Any “detailed representations” including an intricate painting","Broad",60.465,"Joshua","","No legal education or work experience","Liberal/Democrat","Joshua",1
"R_5WuU3VwHr94QcSf",1,"simple","“Educational benefits” like stipends and salaries that go into the student’s pocket","Restricted",28.388,"Housing subsidy","","No legal education or work experience","Lean Conservative","Housing subsidy",1
"R_7RseDBXZGskQFoA",8,"simple","Any “tank” including a fish tank","Broad",50.365,"An aquarium","Very interesting","No legal education or work experience","Conservative/Republican","An aquarium",1
"R_3DMqQNhNcQJfTsv",4,"simple","Any “relinquishment” including a temporary lease","Broad",40.186,"Power plant","none","No legal education or work experience","Right-wing (most conservative)","Power plant",1
"R_6KZ1UNoUcx6nONT",3,"phrasal","Any “clinic” including a wellness spa","Broad",38.899,"Gun","","No legal education or work experience","Liberal/Democrat","Gun",1
"R_1uEako1RSpW3KBl",5,"baseline","A highly secure “closed and fastened case” that is like a gunbox or a securely tied package","Restricted",26.903,"In her purse","","No legal education or work experience","Lean Liberal","In her purse",1
"R_7y4s83zvJwkHOCc",10,"simple","Loud “machines” like washers or dryers","Restricted",103.318,"Sewing machine","","No legal education or work experience","Moderate/Centrist","Sewing machine",1
"R_1M4EfPAuTn4IaNQ",4,"phrasal","Permanent “relinquishment” which is like abandoning or demolishing","Restricted",53.939,"Power plant","","No legal education or work experience","Liberal/Democrat","Power plant",1
"R_5OU6OMC35IqAepB",7,"simple","Any “detailed representations” including an intricate painting","Broad",79.864,"Joshua","none at the moment","No legal education or work experience","Liberal/Democrat","Joshua",1
"R_70dBmobdOsj4OCb",10,"phrasal","Any “machine” including a small sewing machine","Broad",64.696,"Sewing machine","Thank you for your time and hard work","No legal education or work experience","Liberal/Democrat","Sewing machine",1
"R_1ruV1dyZXESSQXG",11,"baseline","Digital “electronic devices” like phones or tablets","Restricted",19.738,"Nicholas","","No legal education or work experience","Progressive (most liberal)","Nicholas",1
"R_7V4mZHaZo4DMOfZ",3,"baseline","Any “clinic” including a wellness spa","Broad",27.514,"Gun","","No legal education or work experience","Progressive (most liberal)","Gun",1
"R_1AKXiZylFHLFJqz",1,"baseline","“Educational benefits” like stipends and salaries that go into the student’s pocket","Restricted",25.054,"Housing subsidy","","No legal education or work experience","Liberal/Democrat","Housing subsidy",1
"R_61cDBG82PF26UKQ",2,"baseline","Direct, intentional “harms” that are like hunting and shooting","Restricted",39.417,"Orca","Great study. I liked it because the lawmakers make the rules intentionally vague and you have to spend money on a lawyer. It's all a money making scheme.","No legal education or work experience","Progressive (most liberal)","Orca",1
"R_3PoojcZxy02h0f2",8,"simple","Utility “tanks” like fuel storage or septic systems","Restricted",68.853,"An aquarium","","No legal education or work experience","Progressive (most liberal)","An aquarium",1
"R_7mDUyYLxyRLSGNL",5,"simple","A highly secure “closed and fastened case” that is like a gunbox or a securely tied package","Restricted",75.707,"In her purse","","No legal education or work experience","Lean Liberal","In her purse",1
"R_5DwAxEYD9S3i0CC",12,"baseline","Any “vehicle” including a bicycle","Broad",11.475,"Bicycle","","No legal education or work experience","Liberal/Democrat","Bicycle",1
"R_11yTTgzYgZor1ji",6,"phrasal","“Waste” that could attract animals like food or drinks","Restricted",54.181,"At the campground","","Some law-related coursework","Lean Liberal","At the campground",1
"R_1WOlUszUQeGT24k",7,"phrasal","Any “detailed representations” including an intricate painting","Broad",31.1,"Joe","","No legal education or work experience","Liberal/Democrat","Joshua",0
"R_1K8TPtwgIPe1o7n",2,"phrasal","Any “harm” including a skin rash resulting from neglect","Broad",25.074,"Orca","","Some law-related coursework","Lean Liberal","Orca",1
"R_5fUKtcaj1bCKkPx",8,"phrasal","Utility “tanks” like fuel storage or septic systems","Restricted",21.828,"An aquarium","n/a","Some law-related coursework","Lean Conservative","An aquarium",1
"R_5q7m0BkO3xdEAZx",3,"simple","Medical “clinics” that are like hospitals or urgent care centers","Restricted",47.317,"Gun","","No legal education or work experience","Moderate/Centrist","Gun",1
"R_5Es7RnUABBU2avD",11,"phrasal","Any “electronic devices” including a small battery-power fan","Broad",26.868,"Nicholas","How much chuck?","No legal education or work experience","Lean Liberal","Nicholas",1
"R_7VxW25yNgDsn6wn",1,"phrasal","Any “educational benefit” including a housing subsidy paid to the student’s landlord","Broad",53.131,"Housing subsidy","","No legal education or work experience","Conservative/Republican","Housing subsidy",1
"R_1QgvmTgARmV9lx9",9,"simple","Promotional “signs” like advertisements or flyers","Restricted",28.297,"HR","","No legal education or work experience","Right-wing (most conservative)","IT",0
"R_63PQWtEWcwsW3Ul",8,"baseline","Utility “tanks” like fuel storage or septic systems","Restricted",17.81,"An aquarium","","No legal education or work experience","Moderate/Centrist","An aquarium",1
"R_5NAFAkitxHTbN9T",7,"simple","Architectural “detailed representations” like blueprints and technical drawings","Restricted",34.804,"George","","No legal education or work experience","Conservative/Republican","Joshua",0
"R_68mfNOIZCG7FTbP",12,"simple","Any “vehicle” including a bicycle","Broad",10.021,"Bicycle","","No legal education or work experience","Conservative/Republican","Bicycle",1
"R_1LjMWfXGHWzKf16",12,"phrasal","“Vehicles” with engines like cars or trucks","Restricted",26.346,"Bicycle","","No legal education or work experience","Progressive (most liberal)","Bicycle",1
"R_1dnpORoNjFkeZlN",2,"baseline","Any “harm” including a skin rash resulting from neglect","Broad",34.302,"Orca","","No legal education or work experience","Moderate/Centrist","Orca",1
"R_539sjb9NBTqry0Z",6,"simple","“Waste” that could attract animals like food or drinks","Restricted",37.764,"At the campground","Thank you for interesting study!","No legal education or work experience","Lean Liberal","At the campground",1
"R_3NIF30lFQlpUUyl",9,"phrasal","Promotional “signs” like advertisements or flyers","Restricted",24.426,"IT","","No legal education or work experience","Moderate/Centrist","IT",1
"R_6k1StbhMcvVXRgr",2,"simple","Any “harm” including a skin rash resulting from neglect","Broad",16.003,"Orca","","No legal education or work experience","Progressive (most liberal)","Orca",1
"R_7AKWXCRAw6ZONd3",9,"baseline","Promotional “signs” like advertisements or flyers","Restricted",26.953,"IT","","No legal education or work experience","Moderate/Centrist","IT",1
"R_1sYkS5lhnbaWImt",9,"phrasal","Any “sign” including a happy birthday banner","Broad",52.515,"IT","","Some law-related coursework","Lean Conservative","IT",1
"R_6bId9pWGuOKIbC3",12,"baseline","“Vehicles” with engines like cars or trucks","Restricted",32.22,"Bicycle","","No legal education or work experience","Lean Conservative","Bicycle",1
"R_6aJNsiAmIWCN8yT",5,"phrasal","A highly secure “closed and fastened case” that is like a gunbox or a securely tied package","Restricted",60.403,"In her purse","","No legal education or work experience","Liberal/Democrat","In her purse",1
"R_6kNqlGjLWMnuwld",12,"phrasal","“Vehicles” with engines like cars or trucks","Restricted",33.347,"Bicycle","","No legal education or work experience","Liberal/Democrat","Bicycle",1
"R_6KNuowh6v9e9Yab",4,"baseline","Permanent “relinquishment” which is like abandoning or demolishing","Restricted",31.43,"Power plant","","No legal education or work experience","Lean Liberal","Power plant",1
"R_7NCNcqhUWk7pBTj",11,"simple","Any “electronic devices” including a small battery-power fan","Broad",50.002,"Nicholas","no additional comments","Some law-related coursework","Liberal/Democrat","Nicholas",1
"R_3RWaAzjtj8C4yHs",8,"simple","Utility “tanks” like fuel storage or septic systems","Restricted",13.678,"An aquarium","It seems pretty obvious that the law is not about fish tanks. ","No legal education or work experience","Progressive (most liberal)","An aquarium",1
"R_7eUNwr4mb8L1fqB",11,"simple","Digital “electronic devices” like phones or tablets","Restricted",36.977,"Nicholas","","No legal education or work experience","Liberal/Democrat","Nicholas",1
"R_1nNpXzGB7GxO9fn",10,"baseline","Any “machine” including a small sewing machine","Broad",25.74,"Sewing machine","If the machine creates any type of noise and the building has thin walls it could disrupt others. ","No legal education or work experience","Conservative/Republican","Sewing machine",1
"R_7qwLxhM7yLWMetz",5,"baseline","Any kind of “closed and fastened case” including a purse","Broad",52.256,"In her purse","","Legal work experience but no law degree","Liberal/Democrat","In her purse",1
"R_1kj0xF9fyvbLCGf",2,"simple","Any “harm” including a skin rash resulting from neglect","Broad",67.489,"Orca","None","No legal education or work experience","Lean Conservative","Orca",1
"R_7N2PbQcigM2gONU",2,"baseline","Any “harm” including a skin rash resulting from neglect","Broad",37.281,"Orca","","No legal education or work experience","Moderate/Centrist","Orca",1
"R_12GtBQJ2DzM9ywd",6,"baseline","Any “waste” including used gift-wrapping paper","Broad",38.639,"At the campground","Trash in the ocean that forms nearly island-size proportions, the mounds of STUFF we bury in dumps...a bit of paper trash may not seem like much, but g-dammit, every bit of trash floating-flying-buried is more damage we do to this Earth that is our ONLY home!","No legal education or work experience","Progressive (most liberal)","At the campground",1
"R_6JSL7dyp9qTDHlD",9,"baseline","Any “sign” including a happy birthday banner","Broad",48.283,"IT","","No legal education or work experience","Lean Conservative","IT",1
"R_3lKxSDkoDJhjVq9",7,"simple","Any “detailed representations” including an intricate painting","Broad",100.517,"Joshua","Great study, no other feedback, thank you. ","No legal education or work experience","Conservative/Republican","Joshua",1
"R_3pltQ0XQvpjWj2x",3,"simple","Any “clinic” including a wellness spa","Broad",19.999,"Gun","i  do not think you should carry fire arms in a spa or hospital ","No legal education or work experience","Liberal/Democrat","Gun",1
"R_6PjylDKY7JaHWBM",5,"simple","A highly secure “closed and fastened case” that is like a gunbox or a securely tied package","Restricted",46.675,"In her purse","nice interesting short study","No legal education or work experience","Liberal/Democrat","In her purse",1
"R_7VFRXrRDgWLqpR7",8,"phrasal","Any “tank” including a fish tank","Broad",33.188,"An aquarium","NONE","No legal education or work experience","Lean Liberal","An aquarium",1
"R_5Pdk0oSzMgKMUxa",10,"baseline","Any “machine” including a small sewing machine","Broad",21.906,"Sewing machine","","No legal education or work experience","Liberal/Democrat","Sewing machine",1
"R_5tBFtXdAiwq2QIp",4,"phrasal","Any “relinquishment” including a temporary lease","Broad",26.241,"Power plant","","No legal education or work experience","Progressive (most liberal)","Power plant",1
"R_3GCfkemfoMmaMx7",7,"baseline","Any “detailed representations” including an intricate painting","Broad",84.339,"Joshua","","Some law-related coursework","Lean Liberal","Joshua",1
"R_7ZZqErbcYO9o18t",10,"phrasal","Any “machine” including a small sewing machine","Broad",114.903,"Sewing machine","","No legal education or work experience","Liberal/Democrat","Sewing machine",1
"R_1Dw13zCZqdwNf7z",4,"baseline","Any “relinquishment” including a temporary lease","Broad",42.135,"Power plant","","No legal education or work experience","Lean Conservative","Power plant",1
"R_3SBN1CaPxxe096Z",4,"simple","Any “relinquishment” including a temporary lease","Broad",30.718,"Power plant","","Some law-related coursework","Moderate/Centrist","Power plant",1
"R_3O5cT62XOtMXVlv",10,"baseline","Any “machine” including a small sewing machine","Broad",19.31,"Sewing machine","The ""no machines' rule is weak but that is the rule. ","No legal education or work experience","Conservative/Republican","Sewing machine",1
"R_3fBu6YRPXLpNN3Z",11,"phrasal","Any “electronic devices” including a small battery-power fan","Broad",30.131,"Nicholas","","No legal education or work experience","Progressive (most liberal)","Nicholas",1
"R_57VYRvB2tdbNwOP",6,"phrasal","Any “waste” including used gift-wrapping paper","Broad",21.172,"At the campground","","Some law-related coursework","Moderate/Centrist","At the campground",1
"R_1ltY45lSX8EQNqo",1,"phrasal","Any “educational benefit” including a housing subsidy paid to the student’s landlord","Broad",35.04,"Housing subsidy","","No legal education or work experience","Liberal/Democrat","Housing subsidy",1
"R_6q4vy0iPDRHuRN9",7,"phrasal","Any “detailed representations” including an intricate painting","Broad",37.544,"Joshua","","No legal education or work experience","Liberal/Democrat","Joshua",1
"R_1jfiTXwo6dJR1Ms",5,"simple","Any kind of “closed and fastened case” including a purse","Broad",118.886,"In her purse","The law allows for the gun to be secured in a closed and fastened case when carried in a vehicle. Her purse was closed and fastened so she did not violate the law.","No legal education or work experience","Moderate/Centrist","In her purse",1
"R_3HZmb6upNdgcSD0",10,"simple","Any “machine” including a small sewing machine","Broad",33.893,"Sewing machine","","No legal education or work experience","Progressive (most liberal)","Sewing machine",1
"R_3PtxxtBVPDfj3mZ",9,"simple","Any “sign” including a happy birthday banner","Broad",89.487,"IT","great study","No legal education or work experience","Moderate/Centrist","IT",1
"R_1UO2hre3x3YpBzX",11,"baseline","Digital “electronic devices” like phones or tablets","Restricted",37.536,"William","","No legal education or work experience","Liberal/Democrat","Nicholas",0
"R_7pfILtQ698TPzNv",6,"baseline","Any “waste” including used gift-wrapping paper","Broad",29.455,"At the campground","i feel that if the rule applied to the waste that attracted animals, the sign was worded in a way that caused me to think ALL waste should be in sealed containers.","No legal education or work experience","Moderate/Centrist","At the campground",1
"R_3P6NS55NqIhRey9",6,"simple","Any “waste” including used gift-wrapping paper","Broad",27.395,"At the campground","","Legal work experience but no law degree","Liberal/Democrat","At the campground",1
"R_7sRynCn5r2gsoqC",1,"baseline","Any “educational benefit” including a housing subsidy paid to the student’s landlord","Broad",44.349,"Housing subsidy","","No legal education or work experience","Liberal/Democrat","Housing subsidy",1
"R_56apOT1QpeJml9q",4,"simple","Any “relinquishment” including a temporary lease","Broad",25.222,"Power plant","","No legal education or work experience","Progressive (most liberal)","Power plant",1
"R_1rD18dnEgr7mAtB",1,"simple","“Educational benefits” like stipends and salaries that go into the student’s pocket","Restricted",46.791,"Housing subsidy","","No legal education or work experience","Conservative/Republican","Housing subsidy",1
"R_7UayQrxtDqZTtbe",3,"baseline","Medical “clinics” that are like hospitals or urgent care centers","Restricted",7.132,"Gun","","No legal education or work experience","Moderate/Centrist","Gun",1
"R_6oz1sxNgugTgBnb",5,"phrasal","A highly secure “closed and fastened case” that is like a gunbox or a securely tied package","Restricted",65.723,"In her purse","Thank you for the opportunity to participate in this study. The instructions were very clear and concise. There wasn't anything contained in the study that was unclear or confusing. ","No legal education or work experience","Lean Conservative","In her purse",1
"R_3tnAbGkTIGwyEV1",3,"phrasal","Any “clinic” including a wellness spa","Broad",57.459,"Gun","","No legal education or work experience","Progressive (most liberal)","Gun",1
"R_1HvioqoqhWtMu0O",6,"simple","Any “waste” including used gift-wrapping paper","Broad",32.611,"At the campground","","No legal education or work experience","Liberal/Democrat","At the campground",1
"R_56PDUm6T77i9PeV",2,"phrasal","Any “harm” including a skin rash resulting from neglect","Broad",54.217,"Orca","The whale didnt ask to be in the aquarium and depends on the care of others so i think she technically harmed it intentionally because it cant clean its own tank.","No legal education or work experience","Moderate/Centrist","Orca",1
"R_7zd6SxUu0SpHXgp",12,"simple","Any “vehicle” including a bicycle","Broad",31.93,"Bicycle","","Some law-related coursework","Moderate/Centrist","Bicycle",1
"R_3zD4j2zPV8mHjPw",10,"simple","Loud “machines” like washers or dryers","Restricted",17.244,"Sewing machine","","No legal education or work experience","Lean Liberal","Sewing machine",1
"R_1SA6y5zmbuphkKB",8,"simple","Utility “tanks” like fuel storage or septic systems","Restricted",31.067,"An aquarium","","No legal education or work experience","Lean Liberal","An aquarium",1
"R_1n6gjsnLEmcgB2I",2,"baseline","Any “harm” including a skin rash resulting from neglect","Broad",48.518,"Beluga","","No legal education or work experience","Lean Liberal","Orca",0
"R_5k5s62ekwmqndc8",9,"baseline","Any “sign” including a happy birthday banner","Broad",23.772,"IT","","No legal education or work experience","Liberal/Democrat","IT",1
"R_7z4yxw38EQCaxHz",1,"baseline","Any “educational benefit” including a housing subsidy paid to the student’s landlord","Broad",34.439,"Housing subsidy","","No legal education or work experience","Lean Liberal","Housing subsidy",1
"R_1sEjx8mzUpwB19T",5,"baseline","A highly secure “closed and fastened case” that is like a gunbox or a securely tied package","Restricted",53.246,"In her purse","","No legal education or work experience","Progressive (most liberal)","In her purse",1
"R_5NRoYUT4lC4NBbW",7,"baseline","Any “detailed representations” including an intricate painting","Broad",31.008,"Joe","","No legal education or work experience","Lean Conservative","Joshua",0
"R_3eXLk4zBlLKS6uR",11,"baseline","Digital “electronic devices” like phones or tablets","Restricted",37.018,"Nicholas","","No legal education or work experience","Lean Conservative","Nicholas",1
"R_6hYUVh3vx437dQf",11,"simple","Digital “electronic devices” like phones or tablets","Restricted",26.585,"Nicholas","That would be hugely unfair to Nicholas!","No legal education or work experience","Moderate/Centrist","Nicholas",1
"R_72zzJ4f16o7T3HT",11,"phrasal","Digital “electronic devices” like phones or tablets","Restricted",14.836,"Nicholas","","No legal education or work experience","Conservative/Republican","Nicholas",1
"R_35MzrgEaZ4aPSQR",6,"phrasal","Any “waste” including used gift-wrapping paper","Broad",29.715,"At the campground","","No legal education or work experience","Progressive (most liberal)","At the campground",1
"R_3l0PZSB2Mcaob0j",12,"baseline","Any “vehicle” including a bicycle","Broad",36.359,"Bicycle","","No legal education or work experience","Moderate/Centrist","Bicycle",1
"R_54OAiQuxJpsahDb",2,"simple","Any “harm” including a skin rash resulting from neglect","Broad",38.076,"Orca","No comments","No legal education or work experience","Conservative/Republican","Orca",1
"R_5f32fg2pxrkOaGy",2,"phrasal","Any “harm” including a skin rash resulting from neglect","Broad",36.085,"Orca","","No legal education or work experience","Lean Conservative","Orca",1
"R_346itfj7LYER9lw",7,"phrasal","Any “detailed representations” including an intricate painting","Broad",82.286,"Bill","","No legal education or work experience","Moderate/Centrist","Joshua",0
"R_7Og3wHAlpjEUgOB",1,"phrasal","“Educational benefits” like stipends and salaries that go into the student’s pocket","Restricted",26.48,"Housing subsidy","","No legal education or work experience","Right-wing (most conservative)","Housing subsidy",1
"R_3WScxBpnk8uHUhd",8,"phrasal","Any “tank” including a fish tank","Broad",30.137,"An aquarium","I don't have any comments.","No legal education or work experience","Liberal/Democrat","An aquarium",1
"R_5dyuNcJGhSRtCT7",3,"simple","Any “clinic” including a wellness spa","Broad",14.711,"Gun","nbone","No legal education or work experience","Lean Conservative","Gun",1
"R_7vr5b74Pyr3NFUB",9,"simple","Promotional “signs” like advertisements or flyers","Restricted",10.538,"Custodial","","No legal education or work experience","Liberal/Democrat","IT",0
"R_1qNHcmcWJ1kN1Uy",8,"baseline","Utility “tanks” like fuel storage or septic systems","Restricted",30.357,"An aquarium","","No legal education or work experience","Moderate/Centrist","An aquarium",1
"R_7UXapptvTO4Q0sV",5,"phrasal","A highly secure “closed and fastened case” that is like a gunbox or a securely tied package","Restricted",31.684,"In her purse","","Some law-related coursework","Lean Liberal","In her purse",1
"R_1Fbw4RDOEI0BHwt",5,"simple","Any kind of “closed and fastened case” including a purse","Broad",38.559,"In her purse","","No legal education or work experience","Right-wing (most conservative)","In her purse",1
"R_1SH1HjkddTWeEId",12,"phrasal","Any “vehicle” including a bicycle","Broad",45.196,"Bicycle","The second sentence is where the distinction should have been made. It was clear from the start that anything with an engine was to be excluded. The second part was evasive but leads me to believe that any sort of riding apparatus is also excluded.","No legal education or work experience","Progressive (most liberal)","Bicycle",1
"R_6xIpoGOFLnUWFc5",10,"phrasal","Loud “machines” like washers or dryers","Restricted",31.994,"Sewing machine","","No legal education or work experience","Liberal/Democrat","Sewing machine",1
"R_6rPaLnIBt3Ccxcd",3,"baseline","Medical “clinics” that are like hospitals or urgent care centers","Restricted",38.048,"Gun","","No legal education or work experience","Lean Liberal","Gun",1
"R_5fpSf7OkeZ9kTwP",6,"baseline","Any “waste” including used gift-wrapping paper","Broad",42.531,"At the campground","","No legal education or work experience","Progressive (most liberal)","At the campground",1
"R_5rVnj3ehpSfbyLS",9,"phrasal","Any “sign” including a happy birthday banner","Broad",32.185,"IT","","Some law-related coursework","Moderate/Centrist","IT",1
"R_30oQbOt2xdeV8Gn",2,"simple","Any “harm” including a skin rash resulting from neglect","Broad",13.306,"Orca","","No legal education or work experience","Conservative/Republican","Orca",1
"R_3tmLHuhPVR5RMx8",4,"phrasal","Any “relinquishment” including a temporary lease","Broad",26.285,"Power plant","","Legal work experience but no law degree","Conservative/Republican","Power plant",1
"R_3DpekkFuiFm5ebt",4,"simple","Any “relinquishment” including a temporary lease","Broad",35.768,"Power plant","","No legal education or work experience","Moderate/Centrist","Power plant",1
"R_6WP66ungqgkGM04",12,"baseline","“Vehicles” with engines like cars or trucks","Restricted",15.159,"Bicycle","","No legal education or work experience","Right-wing (most conservative)","Bicycle",1
"R_6W8EyEL2gj7zplL",10,"simple","Any “machine” including a small sewing machine","Broad",27.392,"Sewing machine","","No legal education or work experience","Lean Conservative","Sewing machine",1
"R_7QuMtFohDFPMIny",1,"simple","Any “educational benefit” including a housing subsidy paid to the student’s landlord","Broad",53.71,"Housing subsidy","I don't have any feedback, other than thanks for the survey. ","No legal education or work experience","Progressive (most liberal)","Housing subsidy",1
"R_69YylfVv6YzeOiZ",10,"baseline","Loud “machines” like washers or dryers","Restricted",27.713,"Sewing machine","","No legal education or work experience","Lean Conservative","Sewing machine",1
"R_6mW80DsxSg97bl7",6,"baseline","“Waste” that could attract animals like food or drinks","Restricted",33.179,"At the campground","","No legal education or work experience","Progressive (most liberal)","At the campground",1
"R_64NR3tUZN6ePUmQ",3,"baseline","Any “clinic” including a wellness spa","Broad",29.023,"Gun","","No legal education or work experience","Lean Conservative","Gun",1
"R_7QgVR1HXM7lVtQo",11,"baseline","Digital “electronic devices” like phones or tablets","Restricted",18.848,"Nicholas","","No legal education or work experience","Progressive (most liberal)","Nicholas",1
"R_60rCHB7ww0BMt3S",7,"simple","Any “detailed representations” including an intricate painting","Broad",36.824,"George","I am extremely bad at names but I do know that he created an intricate painting of one of the works in the museum and the policy prohibits blueprints, drawings, and other detailed recreations. ","No legal education or work experience","Liberal/Democrat","Joshua",0
"R_7JDW0qWVli4SJUy",11,"simple","Digital “electronic devices” like phones or tablets","Restricted",27.07,"Mary","","No legal education or work experience","Moderate/Centrist","Nicholas",0
"R_6oMnBMtNIlgv3DX",5,"baseline","Any kind of “closed and fastened case” including a purse","Broad",27.492,"In her purse","","No legal education or work experience","Conservative/Republican","In her purse",1
"R_62Kiz2A9OyzdIl7",2,"baseline","Direct, intentional “harms” that are like hunting and shooting","Restricted",37.124,"Orca","","No legal education or work experience","Moderate/Centrist","Orca",1
"R_7QLx8veQdyqTMEd",7,"baseline","Any “detailed representations” including an intricate painting","Broad",20.907,"Joshua","The survey was brief and simple to follow, with an understandable passage and clear questions that related directly to the information provided.","No legal education or work experience","Conservative/Republican","Joshua",1
"R_7zATW6z5fjeHSGi",10,"phrasal","Any “machine” including a small sewing machine","Broad",17.454,"Sewing machine","","Legal work experience but no law degree","Lean Conservative","Sewing machine",1
"R_5k19vfvq0jzgT13",1,"simple","Any “educational benefit” including a housing subsidy paid to the student’s landlord","Broad",95.773,"Housing subsidy","","No legal education or work experience","Liberal/Democrat","Housing subsidy",1
"R_1XnTwvp40uwM4KT",3,"phrasal","Any “clinic” including a wellness spa","Broad",58.36,"Gun","","No legal education or work experience","Lean Conservative","Gun",1
"R_315PIuiibxLMMN2",6,"simple","Any “waste” including used gift-wrapping paper","Broad",68.332,"At the campground",NA,"No legal education or work experience","Moderate/Centrist","At the campground",1
"R_53xpdjmt7AeByzD",4,"baseline","Permanent “relinquishment” which is like abandoning or demolishing","Restricted",36.053,"Power plant","","No legal education or work experience","Liberal/Democrat","Power plant",1
"R_5e5X0xGzv1PbKwN",8,"phrasal","Any “tank” including a fish tank","Broad",27.798,"An aquarium","","Some law-related coursework","Liberal/Democrat","An aquarium",1
"R_3fcVIQh1CFRW3qF",8,"baseline","Utility “tanks” like fuel storage or septic systems","Restricted",27.723,"An aquarium","","Some law-related coursework","Liberal/Democrat","An aquarium",1
"R_6VvJ8aWr8VEi84V",7,"simple","Any “detailed representations” including an intricate painting","Broad",129.244,"Joshua","","No legal education or work experience","Moderate/Centrist","Joshua",1
"R_5iGfNyQozZ8zL5D",2,"phrasal","Direct, intentional “harms” that are like hunting and shooting","Restricted",31.411,"Orca","","No legal education or work experience","Moderate/Centrist","Orca",1
"R_71uAawkVhboN2a5",7,"phrasal","Architectural “detailed representations” like blueprints and technical drawings","Restricted",56.583,"Joshua","im terrible with names ","No legal education or work experience","Liberal/Democrat","Joshua",1
"R_7Glyc2ulgcdMpNl",11,"phrasal","Any “electronic devices” including a small battery-power fan","Broad",24.762,"Nicholas","","No legal education or work experience","Lean Liberal","Nicholas",1
"R_63avosdbsy1tdO8",2,"phrasal","Any “harm” including a skin rash resulting from neglect","Broad",29.609,"Orca","","Other (please specify)","Conservative/Republican","Orca",1
"R_6kbw3VZLXPuA51N",9,"phrasal","Any “sign” including a happy birthday banner","Broad",36.912,"IT","I'm a slightly liberal Republican.  Seal the borders but vastly expand immigration.  Universal basic income is needed ASAP and I would vote for Trump if he runs for a third term.","No legal education or work experience","Lean Liberal","IT",1
"R_3OV3TqhzGzSbfEd",9,"baseline","Any “sign” including a happy birthday banner","Broad",17.805,"IT","I believe that most policies are there for a reason, even though some may be almost irrational. In this case, Jacob is violating not only violating office policy, but also his boss’ right to privacy, not to have his birthday publicized!","Legal work experience but no law degree","Moderate/Centrist","IT",1
"R_1hoodGuCHnrMRUJ",12,"simple","“Vehicles” with engines like cars or trucks","Restricted",20.493,"Bicycle","","No legal education or work experience","Liberal/Democrat","Bicycle",1
"R_6fXS7oqABUF7n6V",5,"simple","A highly secure “closed and fastened case” that is like a gunbox or a securely tied package","Restricted",43.626,"In her purse","","No legal education or work experience","Lean Conservative","In her purse",1
"R_5oGztMlAFKwO2qO",5,"phrasal","Any kind of “closed and fastened case” including a purse","Broad",107.713,"In her purse","","No legal education or work experience","Conservative/Republican","In her purse",1
"R_7ptG83LXU6vFCUn",8,"simple","Utility “tanks” like fuel storage or septic systems","Restricted",50.696,"A pet store","Well done.","Some law-related coursework","Liberal/Democrat","An aquarium",0
"R_3qpwZ15lhr9djq3",3,"simple","Medical “clinics” that are like hospitals or urgent care centers","Restricted",20.414,"Gun","","No legal education or work experience","Moderate/Centrist","Gun",1
"R_7dQMVjGrE0QTg9W",1,"baseline","Any “educational benefit” including a housing subsidy paid to the student’s landlord","Broad",30.373,"Housing subsidy","","No legal education or work experience","Moderate/Centrist","Housing subsidy",1
"R_5mQ6mrzBnPBtEE9",3,"baseline","Any “clinic” including a wellness spa","Broad",24.003,"Gun","","No legal education or work experience","Liberal/Democrat","Gun",1
"R_5E6txgeb0CnL4YK",6,"phrasal","Any “waste” including used gift-wrapping paper","Broad",60.589,"At the campground","","Some law-related coursework","Liberal/Democrat","At the campground",1
"R_6WQHjxTiOjXHeRr",11,"baseline","Digital “electronic devices” like phones or tablets","Restricted",51.853,"Mary","","No legal education or work experience","Progressive (most liberal)","Nicholas",0
"R_3Vaun30lOiAB8I1",10,"baseline","Loud “machines” like washers or dryers","Restricted",22.699,"Sewing machine","","No legal education or work experience","Progressive (most liberal)","Sewing machine",1
"R_7YgJDS7EdXa5hJB",9,"phrasal","Any “sign” including a happy birthday banner","Broad",62.185,"IT","","No legal education or work experience","Progressive (most liberal)","IT",1
"R_7j34FUJ7MhieHes",12,"phrasal","Any “vehicle” including a bicycle","Broad",53.534,"Bicycle","","No legal education or work experience","Conservative/Republican","Bicycle",1
"R_30pkUT553ysVQZO",11,"phrasal","Digital “electronic devices” like phones or tablets","Restricted",22.532,"Nicholas","","No legal education or work experience","Progressive (most liberal)","Nicholas",1
"R_7MS3jIl5ajb8h3d",10,"simple","Any “machine” including a small sewing machine","Broad",30.796,"Sewing machine","","No legal education or work experience","Lean Conservative","Sewing machine",1
"R_5je7AUnkwKrEM7P",4,"phrasal","Any “relinquishment” including a temporary lease","Broad",294.911,"Power plant","","No legal education or work experience","Moderate/Centrist","Power plant",1
"R_3e9yibCMytdTu4u",7,"baseline","Any “detailed representations” including an intricate painting","Broad",38.293,"Bill","","No legal education or work experience","Moderate/Centrist","Joshua",0
"R_35Wu5n59uaxb8Bj",11,"simple","Digital “electronic devices” like phones or tablets","Restricted",50.319,"Nicholas","","No legal education or work experience","Conservative/Republican","Nicholas",1
"R_55usWACHnGRXRXq",6,"phrasal","Any “waste” including used gift-wrapping paper","Broad",30.561,"At the campground","","No legal education or work experience","Lean Conservative","At the campground",1
"R_14AHIdATgdcXl1I",12,"baseline","“Vehicles” with engines like cars or trucks","Restricted",18.017,"Bicycle","","No legal education or work experience","Liberal/Democrat","Bicycle",1
"R_3aIDxTbYMILnPuG",3,"phrasal","Any “clinic” including a wellness spa","Broad",157.27,"Gun","","No legal education or work experience","Liberal/Democrat","Gun",1
"R_3ZikyJ9Q0HWAMUN",9,"baseline","Any “sign” including a happy birthday banner","Broad",26.97,"IT","The study was well presented and easy to understand. Thank you","No legal education or work experience","Liberal/Democrat","IT",1
"R_7zuVLIdztIMfjBO",10,"phrasal","Loud “machines” like washers or dryers","Restricted",36.132,"Sewing machine","","No legal education or work experience","Moderate/Centrist","Sewing machine",1
"R_3QsNRcBDbCFGbLf",2,"baseline","Direct, intentional “harms” that are like hunting and shooting","Restricted",55.597,"Orca","","No legal education or work experience","Moderate/Centrist","Orca",1
"R_62TsyrLW3MhU7D3",5,"phrasal","A highly secure “closed and fastened case” that is like a gunbox or a securely tied package","Restricted",22.693,"In her purse","","No legal education or work experience","Lean Liberal","In her purse",1
"R_3aFW84BsDJum8V6",1,"phrasal","Any “educational benefit” including a housing subsidy paid to the student’s landlord","Broad",50.652,"Housing subsidy","","No legal education or work experience","Lean Liberal","Housing subsidy",1
"R_7VKhsuuWlQmkSPe",5,"simple","A highly secure “closed and fastened case” that is like a gunbox or a securely tied package","Restricted",20.505,"In her purse","No additional comments ","No legal education or work experience","Lean Conservative","In her purse",1
"R_7oAWyi3bj543MDN",1,"simple","Any “educational benefit” including a housing subsidy paid to the student’s landlord","Broad",51.764,"Housing subsidy","","No legal education or work experience","Liberal/Democrat","Housing subsidy",1
"R_73gDwYzxycvuOxn",8,"baseline","Any “tank” including a fish tank","Broad",36.428,"An aquarium","","No legal education or work experience","Conservative/Republican","An aquarium",1
"R_3TPfvQ3cKZj8puF",8,"phrasal","Utility “tanks” like fuel storage or septic systems","Restricted",59.213,"A pet store","I feel like the ""attention check"" question options were done unfairly. To put both aquarium and pet store as options is unnecessarily tricky and it could be argued that either are apt. Also, this was a memory check, not an attention check. Attention checks are when a question asks you to ignore the question and input an answer that was provided in the question.","No legal education or work experience","Lean Conservative","An aquarium",0
"R_626gUuhBpDR5vq1",4,"baseline","Any “relinquishment” including a temporary lease","Broad",61.604,"Power plant","n/a","No legal education or work experience","Lean Conservative","Power plant",1
"R_3kP30urZ7kCOaNb",6,"simple","Any “waste” including used gift-wrapping paper","Broad",22.875,"At the campground","","No legal education or work experience","Progressive (most liberal)","At the campground",1
"R_631fGxBCHkhHFzS",12,"simple","“Vehicles” with engines like cars or trucks","Restricted",22.962,"Bicycle","","No legal education or work experience","Moderate/Centrist","Bicycle",1
"R_6Y6eW1ypb7MJdLj",6,"baseline","Any “waste” including used gift-wrapping paper","Broad",47.258,"At the campground","","No legal education or work experience","Liberal/Democrat","At the campground",1
"R_3CPeXOX9xCfDErg",9,"simple","Any “sign” including a happy birthday banner","Broad",31.85,"IT","","No legal education or work experience","Lean Liberal","IT",1
"R_3tLkSndoDkwJk7E",5,"baseline","Any kind of “closed and fastened case” including a purse","Broad",89.589,"In her purse","","No legal education or work experience","Liberal/Democrat","In her purse",1
"R_1g3r5pons7hnyO5",7,"simple","Any “detailed representations” including an intricate painting","Broad",44.129,"Joshua","","No legal education or work experience","Moderate/Centrist","Joshua",1
"R_3NzgjNZOrz416SS",4,"simple","Permanent “relinquishment” which is like abandoning or demolishing","Restricted",26.083,"Power plant","","No legal education or work experience","Progressive (most liberal)","Power plant",1
"R_6ikWhln3Zd76AzT",1,"phrasal","Any “educational benefit” including a housing subsidy paid to the student’s landlord","Broad",28.393,"Housing subsidy","","No legal education or work experience","Liberal/Democrat","Housing subsidy",1
"R_6ydC3D9tLJC47AB",7,"phrasal","Architectural “detailed representations” like blueprints and technical drawings","Restricted",92.53,"Joshua","","No legal education or work experience","Lean Conservative","Joshua",1
"R_75zoBpcVEbALNFm",9,"simple","Any “sign” including a happy birthday banner","Broad",40.707,"IT","","No legal education or work experience","Progressive (most liberal)","IT",1
"R_5ITbprdM9t65M6M",2,"simple","Direct, intentional “harms” that are like hunting and shooting","Restricted",17.463,"Orca","","No legal education or work experience","Lean Liberal","Orca",1
"R_5xskZrmk7ou4QSZ",4,"phrasal","Permanent “relinquishment” which is like abandoning or demolishing","Restricted",96.481,"Power plant","","No legal education or work experience","Conservative/Republican","Power plant",1
"R_1mkChpBGdH1Sg86",8,"simple","Any “tank” including a fish tank","Broad",112.144,"An aquarium","","No legal education or work experience","Right-wing (most conservative)","An aquarium",1
"R_7ePKkIIC626Ti43",3,"simple","Medical “clinics” that are like hospitals or urgent care centers","Restricted",24.573,"Gun","It seems to me that the law itself would define what is meant by 'clinic', but that was outside the scope of the scenario question. good luck with your research. ","No legal education or work experience","Liberal/Democrat","Gun",1
"R_6tFo1UZnmcaTFkL",12,"baseline","Any “vehicle” including a bicycle","Broad",28.164,"Bicycle","","No legal education or work experience","Lean Liberal","Bicycle",1
"R_7PjPtiuFykxUOFr",9,"phrasal","Any “sign” including a happy birthday banner","Broad",40.104,"IT","","No legal education or work experience","Liberal/Democrat","IT",1
"R_1AuYzpgoiQ6srMl",4,"simple","Any “relinquishment” including a temporary lease","Broad",121.057,"Power plant","","No legal education or work experience","Moderate/Centrist","Power plant",1
"R_7D6sr2Ko1j2NiNy",2,"simple","Any “harm” including a skin rash resulting from neglect","Broad",59.212,"Orca","","No legal education or work experience","Liberal/Democrat","Orca",1
"R_5SGqoT7EnezM64F",8,"simple","Utility “tanks” like fuel storage or septic systems","Restricted",43.044,"An aquarium","I think that rule is easy to misinterpret and I’m sure it was an unintentional mistake. ","No legal education or work experience","Lean Conservative","An aquarium",1
"R_6lsEzhRtqAKJ7Ok",1,"baseline","Any “educational benefit” including a housing subsidy paid to the student’s landlord","Broad",188.006,"Housing subsidy","","No legal education or work experience","Lean Liberal","Housing subsidy",1
"R_1lo5znDuJPQSgyL",4,"phrasal","Any “relinquishment” including a temporary lease","Broad",26.973,"Power plant","","Some law-related coursework","Progressive (most liberal)","Power plant",1
"R_6ab5kLA2Vd6JoyN",7,"baseline","Architectural “detailed representations” like blueprints and technical drawings","Restricted",44.127,"Joshua","","No legal education or work experience","Conservative/Republican","Joshua",1
"R_5kmIM6g12hwEStz",7,"phrasal","Architectural “detailed representations” like blueprints and technical drawings","Restricted",45.093,"Joshua","","No legal education or work experience","Progressive (most liberal)","Joshua",1
"R_5waXNWmC6NNtlyA",9,"baseline","Promotional “signs” like advertisements or flyers","Restricted",14.262,"IT","","No legal education or work experience","Progressive (most liberal)","IT",1
"R_6TRpBR5bYNVI5B7",5,"baseline","A highly secure “closed and fastened case” that is like a gunbox or a securely tied package","Restricted",59.529,"In her purse","n/a","No legal education or work experience","Lean Conservative","In her purse",1
"R_5fCy1Mzgm1YhRfC",2,"phrasal","Any “harm” including a skin rash resulting from neglect","Broad",43.273,"Orca","Thank you!","Some law-related coursework","Progressive (most liberal)","Orca",1
"R_1JlKGHvYhTQFxPT",7,"simple","Any “detailed representations” including an intricate painting","Broad",88.366,"Joshua","","No legal education or work experience","Lean Conservative","Joshua",1
"R_7Gru9NhJMWFTV6N",10,"phrasal","Loud “machines” like washers or dryers","Restricted",35.346,"Sewing machine","na","Some law-related coursework","Lean Liberal","Sewing machine",1
"R_7eajBay5tJezdna",10,"baseline","Any “machine” including a small sewing machine","Broad",28.805,"Sewing machine","None","No legal education or work experience","Lean Liberal","Sewing machine",1
"R_5KUs3yi9hKbweVH",6,"simple","Any “waste” including used gift-wrapping paper","Broad",58.726,"At the campground","","No legal education or work experience","Moderate/Centrist","At the campground",1
"R_7iwM5U2mhA2iUDT",12,"baseline","“Vehicles” with engines like cars or trucks","Restricted",27.615,"Bicycle","","No legal education or work experience","Progressive (most liberal)","Bicycle",1
"R_5GE1UXbcjPZgDds",10,"baseline","Any “machine” including a small sewing machine","Broad",39.839,"Sewing machine","","No legal education or work experience","Moderate/Centrist","Sewing machine",1
"R_7VvAjBYbB8ekQs9",10,"simple","Any “machine” including a small sewing machine","Broad",23.653,"Sewing machine","","Some law-related coursework","Lean Conservative","Sewing machine",1
"R_7h3r5N0S4KWMPXH",1,"baseline","Any “educational benefit” including a housing subsidy paid to the student’s landlord","Broad",45.725,"Housing subsidy","","No legal education or work experience","Lean Conservative","Housing subsidy",1
"R_7QzfIcHVaayPyML",2,"simple","Any “harm” including a skin rash resulting from neglect","Broad",30.92,"Orca","","Some law-related coursework","Liberal/Democrat","Orca",1
"R_5Qmu4jc91EqiUtH",6,"baseline","Any “waste” including used gift-wrapping paper","Broad",31.893,"At the campground","","Some law-related coursework","Lean Conservative","At the campground",1
"R_7JgZ0TwBZxL9JDw",3,"baseline","Any “clinic” including a wellness spa","Broad",27.044,"Gun","","No legal education or work experience","Lean Liberal","Gun",1
"R_1q3cn7wUiwdUSml",7,"simple","Architectural “detailed representations” like blueprints and technical drawings","Restricted",18.866,"Joe","","Legal work experience but no law degree","Right-wing (most conservative)","Joshua",0
"R_6TRPeuxgsZdFFp7",5,"phrasal","A highly secure “closed and fastened case” that is like a gunbox or a securely tied package","Restricted",26.886,"In her purse","I think it has a chance of misfiring when not placed in a box.","No legal education or work experience","Moderate/Centrist","In her purse",1
"R_1hnHQsQN9yyDEWw",3,"simple","Medical “clinics” that are like hospitals or urgent care centers","Restricted",48.493,"Gun","","No legal education or work experience","Conservative/Republican","Gun",1
"R_6dVW5vtSPczAadP",2,"phrasal","Any “harm” including a skin rash resulting from neglect","Broad",31.8,"Orca","","No legal education or work experience","Liberal/Democrat","Orca",1
"R_6ru8seJ4ts04BOC",11,"phrasal","Digital “electronic devices” like phones or tablets","Restricted",27.685,"Nicholas","","No legal education or work experience","Progressive (most liberal)","Nicholas",1
"R_6qWknc0QXoQMoep",3,"phrasal","Any “clinic” including a wellness spa","Broad",26.153,"Gun","","No legal education or work experience","Liberal/Democrat","Gun",1
"R_6lgZsT2VqgY4RJZ",9,"simple","Any “sign” including a happy birthday banner","Broad",25.34,"IT","","No legal education or work experience","Progressive (most liberal)","IT",1
"R_6PbzMSPaNlnB4jK",7,"baseline","Any “detailed representations” including an intricate painting","Broad",15.13,"Joshua","","No legal education or work experience","Liberal/Democrat","Joshua",1
"R_7DusP0LrGd2o80P",12,"simple","“Vehicles” with engines like cars or trucks","Restricted",16.113,"Bicycle","","Legal work experience but no law degree","Liberal/Democrat","Bicycle",1
"R_7IZqoabd5eZZ326",11,"simple","Digital “electronic devices” like phones or tablets","Restricted",17.317,"Nicholas","","No legal education or work experience","Liberal/Democrat","Nicholas",1
"R_32mvWOPHsocYirX",4,"simple","Any “relinquishment” including a temporary lease","Broad",30.12,"Power plant","","No legal education or work experience","Moderate/Centrist","Power plant",1
"R_7ri0ycs0LcAhJGO",6,"phrasal","Any “waste” including used gift-wrapping paper","Broad",41.646,"At the campground","Thank You.","No legal education or work experience","Progressive (most liberal)","At the campground",1
"R_39zRZQ9LRcVdHvb",8,"phrasal","Any “tank” including a fish tank","Broad",130.724,"An aquarium","","No legal education or work experience","Liberal/Democrat","An aquarium",1
"R_5OczVlxUgxhzebe",2,"baseline","Any “harm” including a skin rash resulting from neglect","Broad",27.52,"Orca","None.","No legal education or work experience","Right-wing (most conservative)","Orca",1
"R_3SdDFelkhYsHakZ",1,"phrasal","Any “educational benefit” including a housing subsidy paid to the student’s landlord","Broad",40.088,"Housing subsidy","","Some law-related coursework","Right-wing (most conservative)","Housing subsidy",1
"R_7z7Oji6o7wJKA3T",11,"simple","Any “electronic devices” including a small battery-power fan","Broad",19.886,"Nicholas","","No legal education or work experience","Moderate/Centrist","Nicholas",1
"R_3vUHs2044a9PW01",9,"baseline","Any “sign” including a happy birthday banner","Broad",21.499,"IT","No, thank you!","No legal education or work experience","Lean Liberal","IT",1
"R_3XbbAgQ4xJ84o0d",3,"phrasal","Medical “clinics” that are like hospitals or urgent care centers","Restricted",14.488,"Gun","","No legal education or work experience","Liberal/Democrat","Gun",1
"R_77P2BI22aPkHZrr",1,"simple","“Educational benefits” like stipends and salaries that go into the student’s pocket","Restricted",53.743,"Housing subsidy","no comments, nice and easy","No legal education or work experience","Liberal/Democrat","Housing subsidy",1
"R_39vvqBCO7iu9rJk",10,"phrasal","Any “machine” including a small sewing machine","Broad",38.148,"Sewing machine","","No legal education or work experience","Right-wing (most conservative)","Sewing machine",1
"R_6321yuc8Axqav3g",11,"phrasal","Digital “electronic devices” like phones or tablets","Restricted",19.934,"Nicholas","","No legal education or work experience","Lean Liberal","Nicholas",1
"R_67pQVtgKSkuxJtl",6,"baseline","Any “waste” including used gift-wrapping paper","Broad",14.123,"At the campground","","No legal education or work experience","Lean Liberal","At the campground",1
"R_5aJAnMZiBGkq8W5",2,"phrasal","Direct, intentional “harms” that are like hunting and shooting","Restricted",22.059,"Orca","","No legal education or work experience","Liberal/Democrat","Orca",1
"R_36huVI5UmRq5QdU",5,"baseline","Any kind of “closed and fastened case” including a purse","Broad",39.507,"In her purse","","No legal education or work experience","Conservative/Republican","In her purse",1
"R_6DkyBqLQ2PZ29Q5",1,"phrasal","“Educational benefits” like stipends and salaries that go into the student’s pocket","Restricted",55.597,"Housing subsidy","no","No legal education or work experience","Moderate/Centrist","Housing subsidy",1
"R_3NBOtQvrgbKC8EN",9,"simple","Any “sign” including a happy birthday banner","Broad",21.837,"IT","","Some law-related coursework","Progressive (most liberal)","IT",1
"R_1hlQubGHUJdTVq3",8,"baseline","Any “tank” including a fish tank","Broad",43.079,"An aquarium","","No legal education or work experience","Moderate/Centrist","An aquarium",1
"R_6iLvhGJC5bfpT59",6,"simple","Any “waste” including used gift-wrapping paper","Broad",86.218,"At the campground","","No legal education or work experience","Conservative/Republican","At the campground",1
"R_31mdjWAVAsXSBZ3",12,"phrasal","“Vehicles” with engines like cars or trucks","Restricted",25.602,"Bicycle","Vehicle, to me does not ever mean a bicycle. ","Legal work experience but no law degree","Progressive (most liberal)","Bicycle",1
"R_1pQfwT3MUh2Z0rC",12,"baseline","“Vehicles” with engines like cars or trucks","Restricted",25.152,"Bicycle","","Some law-related coursework","Liberal/Democrat","Bicycle",1
"R_6iDzFc2Du2m9kn6",3,"simple","Medical “clinics” that are like hospitals or urgent care centers","Restricted",42.324,"Gun","","No legal education or work experience","Conservative/Republican","Gun",1
"R_1q81jLEAk37Rdt5",8,"simple","Any “tank” including a fish tank","Broad",24.588,"A coffee shop","","No legal education or work experience","Lean Conservative","An aquarium",0
"R_6Pc0mQqwzr7pKXO",3,"baseline","Medical “clinics” that are like hospitals or urgent care centers","Restricted",23.186,"Gun","","No legal education or work experience","Liberal/Democrat","Gun",1
"R_6CBmvJZLRLz5IKB",11,"simple","Any “electronic devices” including a small battery-power fan","Broad",27.824,"Nicholas",NA,"Some law-related coursework","Liberal/Democrat","Nicholas",1
"R_6E9XR4ACIF7dA2D",2,"simple","Direct, intentional “harms” that are like hunting and shooting","Restricted",29.668,"Orca","","No legal education or work experience","Lean Liberal","Orca",1
"R_6OzVbSsRFjWborf",5,"simple","A highly secure “closed and fastened case” that is like a gunbox or a securely tied package","Restricted",36.589,"In her purse","I'm not against gun ownership at all but if that law says a securely fastened container than a purse doesnt count cause it doesnt take but one hand to ruffle through a purse without much effort ","No legal education or work experience","Liberal/Democrat","In her purse",1
"R_6mfwczjMnrXC2e0",4,"phrasal","Permanent “relinquishment” which is like abandoning or demolishing","Restricted",42.805,"Power plant","ABSURDLY UNCONSTITUTIONAL","Some law-related coursework","Moderate/Centrist","Power plant",1
"R_79vVH5YARH1qu4h",10,"baseline","Any “machine” including a small sewing machine","Broad",24.041,"Sewing machine","","No legal education or work experience","Liberal/Democrat","Sewing machine",1
"R_6b5JBlyT3DFvvxL",6,"simple","“Waste” that could attract animals like food or drinks","Restricted",30.761,"At the campground","I have none.","Some law-related coursework","Conservative/Republican","At the campground",1
"R_6iIWEqQDb7dcYk9",9,"baseline","Any “sign” including a happy birthday banner","Broad",40.08,"HR","None","No legal education or work experience","Right-wing (most conservative)","IT",0
"R_7PBqhd66IFge13u",9,"phrasal","Promotional “signs” like advertisements or flyers","Restricted",47.537,"IT","","No legal education or work experience","Conservative/Republican","IT",1
"R_71F0H5qTXIaVjIj",8,"phrasal","Any “tank” including a fish tank","Broad",37.144,"An aquarium","","No legal education or work experience","Liberal/Democrat","An aquarium",1
"R_6w0Rwk91XuzFKoi",10,"phrasal","Any “machine” including a small sewing machine","Broad",35.342,"Sewing machine","No feedback","No legal education or work experience","Conservative/Republican","Sewing machine",1
"R_7Ltexpigyrc6JRa",8,"baseline","Any “tank” including a fish tank","Broad",47.535,"An aquarium","It was tricky but it doesn't specify what kind of tank. Just outdoor tanks.","Some law-related coursework","Right-wing (most conservative)","An aquarium",1
"R_6ApnYZuUK09XuJb",5,"baseline","Any kind of “closed and fastened case” including a purse","Broad",26.76,"In her purse","none","Some law-related coursework","Right-wing (most conservative)","In her purse",1
"R_74FjYYzA8g0TYuB",5,"simple","A highly secure “closed and fastened case” that is like a gunbox or a securely tied package","Restricted",40.567,"In her purse","N/A","No legal education or work experience","Liberal/Democrat","In her purse",1
"R_6f1tC3V43flghXn",1,"baseline","“Educational benefits” like stipends and salaries that go into the student’s pocket","Restricted",4.199,"Housing subsidy","","No legal education or work experience","Progressive (most liberal)","Housing subsidy",1
"R_5B8oOj6BqrQTifp",4,"simple","Permanent “relinquishment” which is like abandoning or demolishing","Restricted",46.895,"Power plant","no comments","Some law-related coursework","Liberal/Democrat","Power plant",1
"R_3DDEELBKtX0IITv",7,"simple","Any “detailed representations” including an intricate painting","Broad",67.416,"Joshua","","No legal education or work experience","Liberal/Democrat","Joshua",1
"R_5eRHVMsQzPRPusK",12,"simple","“Vehicles” with engines like cars or trucks","Restricted",19.119,"Bicycle","","Some law-related coursework","Lean Liberal","Bicycle",1
"R_7nMgkkY6Ieee8Li",6,"phrasal","“Waste” that could attract animals like food or drinks","Restricted",79.52,"At the campground","no","No legal education or work experience","Moderate/Centrist","At the campground",1
"R_6WwhvvILaqIANs6",4,"phrasal","Any “relinquishment” including a temporary lease","Broad",79.206,"Power plant","","Legal work experience but no law degree","Lean Liberal","Power plant",1
"R_5n8aUJgBB4eaAJf",6,"baseline","Any “waste” including used gift-wrapping paper","Broad",22.216,"At the campground","","No legal education or work experience","Lean Liberal","At the campground",1
"R_6g64SBhQQhRdetS",7,"phrasal","Any “detailed representations” including an intricate painting","Broad",39.9,"Joshua","It was interesting to read about different ways a rule can be interpreted.","Other (please specify)","Moderate/Centrist","Joshua",1
"R_3GJhe7LeeTP8w1E",4,"baseline","Permanent “relinquishment” which is like abandoning or demolishing","Restricted",99.147,"Power plant","","Some law-related coursework","Progressive (most liberal)","Power plant",1
"R_5TP4x6iHv4CxpBL",10,"simple","Any “machine” including a small sewing machine","Broad",39.353,"Sewing machine","The instructions were clear and the scenario was easy to understand. The questions were straightforward and did not take long to complete.","Licensed attorney","Lean Liberal","Sewing machine",1
"R_6GeQXRAnRbKx4s3",11,"baseline","Any “electronic devices” including a small battery-power fan","Broad",54.808,"William","","No legal education or work experience","Moderate/Centrist","Nicholas",0
"R_3CoUw81ylIgHowp",7,"baseline","Any “detailed representations” including an intricate painting","Broad",50.861,"George","","No legal education or work experience","Progressive (most liberal)","Joshua",0
"R_6qVvo8hKiGbmzIH",9,"simple","Any “sign” including a happy birthday banner","Broad",24.55,"Sales","","No legal education or work experience","Conservative/Republican","IT",0
"R_7re13P2dQN1n0nI",11,"phrasal","Any “electronic devices” including a small battery-power fan","Broad",72.333,"Nicholas","","No legal education or work experience","Conservative/Republican","Nicholas",1
"R_7vihN2ndl8A0bon",12,"phrasal","“Vehicles” with engines like cars or trucks","Restricted",48.845,"Bicycle","That was a tough question for me. I can understand both ways, but I've never heard a bicycle be called a vehicle before, which is why I went with the ""only cars or trucks"" option.","No legal education or work experience","Lean Conservative","Bicycle",1
"R_51hi3KRJ2OCUKiJ",1,"simple","Any “educational benefit” including a housing subsidy paid to the student’s landlord","Broad",104.725,"Housing subsidy","No","No legal education or work experience","Lean Liberal","Housing subsidy",1
"R_6fZANlgxIyxuOqJ",10,"simple","Any “machine” including a small sewing machine","Broad",61.812,"Sewing machine","","Legal work experience but no law degree","Liberal/Democrat","Sewing machine",1
"R_3n25kCj3a5Gnbkp",9,"phrasal","Promotional “signs” like advertisements or flyers","Restricted",482.726,"HR","","No legal education or work experience","Liberal/Democrat","IT",0
"R_7FC7ZFpt0mwO29X",12,"baseline","Any “vehicle” including a bicycle","Broad",31.447,"Bicycle","","No legal education or work experience","Moderate/Centrist","Bicycle",1
"R_7QxDjnz8W9Tg25j",7,"simple","Any “detailed representations” including an intricate painting","Broad",36.779,"Joshua","","No legal education or work experience","Moderate/Centrist","Joshua",1
"R_5CjrCcaLakRCHc8",6,"simple","“Waste” that could attract animals like food or drinks","Restricted",48.494,"At the campground","","Other (please specify)","Liberal/Democrat","At the campground",1
"R_5h4qb158UlDqLRf",4,"baseline","Any “relinquishment” including a temporary lease","Broad",40.625,"Power plant","none thank you","No legal education or work experience","Moderate/Centrist","Power plant",1
"R_5etpG9B7qOfee2T",5,"phrasal","A highly secure “closed and fastened case” that is like a gunbox or a securely tied package","Restricted",86.34,"In her pocket","","No legal education or work experience","Lean Liberal","In her purse",0
"R_6drO8EHKw84Sdl7",3,"baseline","Any “clinic” including a wellness spa","Broad",23.047,"Gun","","No legal education or work experience","Moderate/Centrist","Gun",1
"R_5K9jiq8sMF2Y3RF",5,"phrasal","Any kind of “closed and fastened case” including a purse","Broad",37.115,"In her purse","","No legal education or work experience","Progressive (most liberal)","In her purse",1
"R_1V9XNid43ht84AH",4,"baseline","Permanent “relinquishment” which is like abandoning or demolishing","Restricted",82.665,"Power plant","","Some law-related coursework","Progressive (most liberal)","Power plant",1
"R_5UYGI2m8ViKegrP",3,"simple","Any “clinic” including a wellness spa","Broad",27.753,"Gun","None","No legal education or work experience","Moderate/Centrist","Gun",1
